order_id,cust_email,product_name,order_date,order_value,shipping_address
101,john.doe@example.com,Laptop,2023-05-01,1200.0,123 Main St
102,jane.smith@example.com,Mouse,2023-05-05,25.0,456 Oak Ave
103,peter_pan@example.com,Keyboard,2023-05-10,75.0,789 Pine Rd
104,john.doe@example.com,Monitor,2023-06-01,300.0,123 Main St New York NY 10001
105,tracy.maldonado@yahoo.com,Laptop,2023-06-13,1099.96,186 Lisa Grove Apt. 994
106,KRISTINA69@GREESE@EXAMPLE.COM,Mouse,2024-07-12,59.91,881 Patrick Ports Apt. 765
107,xhall@example.net,Gaming Console,2024-11-23,496.35,1220 Joanna Lock
108,kathleen_clark15@hotmail.com,Tablet,2023-12-25,596.33,0423 Taylor Cove
109,kaitlyn@stevens-soto.com,Router,2025-03-18,233.57,650 Brandon Fields
110,NICHOLAS10@PHOWARD@EXAMPLE.COM,Monitor,2024-01-20,247.24,144 Melissa Square
111,robin.odom@hotmail.com,Smartphone,2024-11-10,742.49,554 Lewis Walk Apt. 534
112,CRYSTAL_RYAN15@HOTMAIL.COM,Headphones,2024-08-09,94.25,472 Anderson Plaza Suite 088
113,mark43@mgrimes@example.org,USB Hub,2025-05-12,56.46,51678 Hood Vista
114,rachel57@kimberlyvillarreal@example.org,Laptop,2025-01-26,968.7,137 Tammy Ville
115,russell.chaney14@yahoo.com,Laptop,2023-07-06,1469.88,991 Oconnor Crescent
116,juan.crawford88@yahoo.com,Mouse,2023-07-31,33.24,09285 Jennifer Burgs Suite 547
117,srivera@hotmail.com,Tablet,2023-05-22,764.14,079 Ashley Groves Suite 627
118,JOSE.RODRIGUEZ@HOTMAIL.COM,External Hard Drive,2024-12-09,172.84,9956 Stephanie Spur Suite 681
119,derrick@mosley-brooks.org,Keyboard,2024-07-24,121.08,9077 Kendra Underpass Apt. 492
120,joseph.taylor24@hotmail.com,Laptop,2025-02-22,1460.26,19259 Nunez Spurs
121,richard55@barnesmichael@example.com,Keyboard,2023-12-17,67.67,2750 Donna Camp Apt. 947
122,ublair@example.net,Printer,2024-10-02,91.21,4663 Katherine Center Suite 723
123,colleen.mullins9@yahoo.com,Webcam,2023-08-16,88.11,1477 Vega Cape Apt. 483
124,daniel09@example.net,Smartwatch,2024-02-18,403.36,5852 Cassie Causeway
125,ryan@carlson.com,Gaming Console,2025-02-18,368.28,107 Reeves Gardens Suite 127
126,AMANDA.SIMON15@HOTMAIL.COM,Smartphone,2023-12-24,786.01,295 Cynthia Park Apt. 865
127,christopher94@bakerbrandon@example.net,Smartwatch,2023-11-09,221.7,8456 Sabrina Flats Apt. 658
128,noah_smith17@yahoo.com,Software License,2023-11-25,264.41,79126 Brittany Unions Suite 757
129,LESLIE.HOWELL@YAHOO.COM,Router,2024-11-17,78.75,3411 Jeffrey Island Apt. 201
130,JESSICA.MARTIN64@HOTMAIL.COM,Smartphone,2023-06-28,1013.38,959 Jared Ferry
131,brenda@miller.com,Webcam,2023-06-06,84.07,0494 Anderson Shoals
132,ganderson@hotmail.com,Headphones,2024-03-28,184.89,155 Brandt Drive
133,anthony@garcia.com,Gaming Console,2025-02-08,391.57,1892 Lopez Fork Suite 983
134,brandon.stevenson@gmail.com,External Hard Drive,2024-04-18,229.63,86662 Robert Radial
135,isaac84@example.org,Router,2023-11-26,113.0,827 Flores Centers Apt. 023
136,hector_green@yahoo.com,External Hard Drive,2023-10-30,105.86,0985 April Glen Apt. 569
137,sfinley@hotmail.com,Router,2025-03-22,241.99,46656 William Cliff
138,sherry32@sanchezjoseph@example.net,Printer,2024-10-08,81.77,312 Scott Junction
139,troy.ford7@gmail.com,USB Hub,2025-04-23,22.09,54812 Hill Manors
140,JEREMY_COOK38@YAHOO.COM,Software License,2023-07-23,156.59,78613 Julie Land Apt. 285
141,jharding@gmail.com,Smartwatch,2023-11-05,366.96,298 James Way Suite 984
142,brian@perkins-gibson.com,Gaming Console,2023-09-28,411.41,010 Thompson Mission Suite 894
143,garrett88@amanda20@example.com,External Hard Drive,2023-10-13,189.94,23723 Green Ford
144,sandra82@simmonsjulia@example.net,Desk Chair,2024-03-05,112.11,52765 Adrian Isle Suite 426
145,jackie.king@hotmail.com,Printer,2024-12-04,96.08,69967 Torres Branch Apt. 791
146,roger.carter97@yahoo.com,Software License,2023-07-18,180.96,567 Melissa Extensions
147,LARRY.SNYDER@GMAIL.COM,Keyboard,2023-06-20,28.6,17202 Gina Coves Suite 221
148,leslieellis@example.net,Keyboard,2024-11-14,84.73,0788 Anderson Road Apt. 403
149,sheri.nielsen60@yahoo.com,External Hard Drive,2024-06-05,183.7,5727 Jones Vista Apt. 620
150,ashley.ramirez59@yahoo.com,Desk Chair,2024-11-09,372.39,117 Mcbride Wall Suite 910
151,CHRISTOPHER.MYERS@GMAIL.COM,External Hard Drive,2024-12-02,193.3,332 Kelly Common Suite 311
152,marcus.hancock@gmail.com,USB Hub,2023-08-06,26.94,192 Ruth Burgs Apt. 648
153,CHRISTIAN@SMITH.INFO,Router,2024-06-19,242.85,20543 Wells Tunnel Apt. 535
154,sharon.carney3@hotmail.com,Software License,2023-08-24,459.81,64898 Kim Villages
155,wendy.reed@yahoo.com,Mouse,2025-04-20,22.76,93249 Kathryn Courts Apt. 782
156,pbrown@gmail.com,Desk Chair,2024-06-13,123.9,713 Evans Shores Suite 364
157,pamela.vance@hotmail.com,Gaming Console,2024-09-27,307.63,7435 Knapp Ford Apt. 800
158,jharding@gmail.com,Webcam,2024-09-25,31.61,00267 Deborah Brook
159,matthew_davis@gmail.com,Router,2024-02-17,180.38,597 Joseph Causeway
160,andrea.moran@gmail.com,Router,2024-11-09,185.16,96668 Walter Spur Apt. 908
161,eric.pace93@hotmail.com,Desk Chair,2024-08-20,127.45,282 Martin Square Suite 885
162,nancy_salas22@gmail.com,Tablet,2023-10-16,252.45,8375 Rangel Row Apt. 504
163,jennifer_wells@gmail.com,Smartphone,2024-09-20,415.68,3888 Daniel Turnpike
164,shawn@davis-lewis.com,Router,2025-04-08,137.16,651 Andrea Lights
165,madison.harris@yahoo.com,Desk Chair,2024-02-09,309.67,2884 Gonzales Landing
166,mphillips@hotmail.com,Gaming Console,2024-04-11,357.83,986 Tyler Field
167,csosa@yahoo.com,Headphones,2023-10-18,284.76,8749 Juarez Highway Suite 106
168,michael.brown@gmail.com,External Hard Drive,2023-12-17,146.64,47529 Ethan Viaduct Apt. 523
169,gutierrezerin@example.net,Printer,2023-11-09,190.03,00817 Sullivan Estate Suite 106
170,isabella58@brandonmiller@example.org,Smartwatch,2024-04-19,213.65,65470 Alexander Mount Suite 983
171,ANDREW.CASTILLO82@YAHOO.COM,Tablet,2023-11-27,755.02,06036 Perez Trace Suite 053
172,gregory.miller11@hotmail.com,Keyboard,2025-04-05,88.37,970 Lewis Inlet Apt. 295
173,tonya.dawson@hotmail.com,Webcam,2024-08-03,37.4,693 Shelby Meadow Apt. 977
174,rebecca@scott.com,Mouse,2024-09-28,44.29,6931 Mark Gateway
175,jeanette98@coltonprice@example.com,Monitor,2023-06-01,469.86,4088 Marsh Camp Apt. 400
176,keith@anderson-ross.com,Smartwatch,2025-05-12,146.4,88900 Joseph Dam Suite 829
177,gloria.forbes25@gmail.com,Webcam,2024-07-24,115.45,026 Martin Fall
178,julie.brock@hotmail.com,Mouse,2023-12-15,40.44,8944 Maynard Circles Apt. 049
179,leah.thomas@yahoo.com,External Hard Drive,2024-07-22,146.55,3452 Sanchez Walk
180,jgarner@hotmail.com,Printer,2023-09-22,277.94,153 Robert Trail
181,jason.giles22@gmail.com,USB Hub,2024-06-27,53.6,8907 Michelle Trail Apt. 621
182,sarah44@david47@example.org,Software License,2025-02-28,369.8,0327 Ryan Roads
183,patrick97@robert38@example.com,Mouse,2023-09-10,28.5,337 Jaime Pass
184,jill@king-may.com,USB Hub,2024-04-08,28.49,178 Colin Rapid Suite 162
185,julie@smith.com,External Hard Drive,2024-11-26,229.6,85625 Ray Drive Suite 498
186,JEREMY.FOSTER@GMAIL.COM,Router,2025-04-22,162.81,58370 Powell Expressway Suite 140
187,stephanie.harmon26@yahoo.com,Webcam,2025-03-10,114.89,5076 Freeman Mountain
188,katelyn.cooper93@hotmail.com,USB Hub,2024-07-27,45.59,0944 Howell Haven Suite 464
189,lisa.moss@hotmail.com,Webcam,2025-03-24,97.47,0356 Jordan Views Apt. 724
190,ortizcharles@example.com,Smartwatch,2023-06-26,433.59,8879 Edward Terrace Suite 005
191,AARON.WILLIAMS@GMAIL.COM,Webcam,2024-02-25,34.7,289 Ali Rapid
192,pedro.sanchez96@hotmail.com,Headphones,2025-03-08,270.53,2906 Phillips Route
193,robertjackson@example.net,Software License,2023-08-19,233.13,9757 Whitehead Ridges
194,rwood@yahoo.com,USB Hub,2023-10-28,25.33,19355 Le Mills
195,SHERRY32@SANCHEZJOSEPH@EXAMPLE.NET,Laptop,2024-07-07,1958.01,868 Garrison Turnpike Suite 949
196,thomas@moore.net,Gaming Console,2023-09-13,509.24,92483 Taylor Parkway
197,ssmith@gmail.com,Tablet,2024-11-07,550.64,092 Martinez Rest
198,bretthenry@example.net,Webcam,2024-04-24,44.3,7172 Miller Burg
199,alejandro77@example.com,Headphones,2024-02-18,119.82,32044 Danny Cove Apt. 302
200,melliott@gmail.com,Printer,2023-06-06,331.62,7928 Autumn Court Apt. 789
201,kristen_ford16@hotmail.com,Laptop,2024-07-23,1347.36,673 Clarke Underpass
202,antonio.hunt95@gmail.com,Keyboard,2024-08-08,118.92,38815 Long Square Apt. 197
203,sonya@anderson-clark.com,Gaming Console,2024-09-20,318.37,216 Gomez Station
204,julie.shelton@gmail.com,Webcam,2024-06-15,40.08,57645 Danny Road Apt. 172
205,joseph.williams@yahoo.com,Software License,2023-11-27,236.7,60195 Wolf Falls
206,sarah.newton@yahoo.com,Printer,2023-05-26,266.87,4312 Farmer Oval Apt. 595
207,rachel.carr43@gmail.com,Smartphone,2024-07-25,901.42,644 Cook Lock Suite 191
208,jeremy7@jarednash@example.com,Keyboard,2024-01-13,106.92,243 Jennifer Cliffs
209,jennifer_wells@gmail.com,Monitor,2024-03-07,555.64,723 Ryan Loaf
210,jennifer_wright25@hotmail.com,Laptop,2024-12-10,1664.42,4259 Smith Meadow Suite 569
211,alexander65@cjacobs@example.com,Smartphone,2024-05-04,602.26,05861 Victoria Radial Suite 273
212,SARAH.RUIZ@HOTMAIL.COM,Keyboard,2024-04-21,55.45,42012 Adrian Port Suite 836
213,ACOX@GMAIL.COM,Keyboard,2024-08-21,70.91,98152 Richard Keys
214,david.pena31@yahoo.com,Smartwatch,2025-05-06,167.34,0700 John Meadow
215,jphillips@gmail.com,Keyboard,2024-10-08,132.45,117 Brent Pine Apt. 733
216,daniel@luna.com,Monitor,2024-03-04,470.34,746 Christopher Port Apt. 361
217,david.barrett90@hotmail.com,Keyboard,2023-11-19,56.45,2971 Margaret Dam Suite 293
218,jasmine@pearson-morton.biz,External Hard Drive,2025-05-14,219.92,13800 Ronald Isle
219,paul.acosta@hotmail.com,USB Hub,2024-05-14,37.87,302 Lewis Junction Apt. 394
220,keith@anderson-ross.com,Printer,2023-08-04,90.27,36324 Clark Meadow Apt. 971
221,stacey.weber52@yahoo.com,Desk Chair,2023-08-25,117.73,972 Tyrone Cove Apt. 742
222,shannon@morris-hernandez.com,Tablet,2024-11-17,375.13,456 Jeremy Garden Apt. 979
223,melissa.hampton@yahoo.com,Laptop,2023-12-01,1815.54,8808 Fowler Ranch
224,amoore@gmail.com,USB Hub,2023-11-16,51.59,813 Johnson Heights Apt. 739
225,amy@weber-hogan.com,Smartwatch,2024-11-02,139.73,618 Parker Drives
226,michael.mckee@gmail.com,Webcam,2023-11-20,88.81,8369 Berry Union Apt. 157
227,ashley.scott@hotmail.com,Desk Chair,2025-01-21,345.52,4734 Kelly Walk
228,cristina@cooper.com,USB Hub,2025-04-18,39.28,40496 Gonzalez Cliff
229,monica.small14@hotmail.com,Monitor,2024-11-30,583.81,657 Chelsea Vista Apt. 977
230,boydhannah@example.org,Keyboard,2024-02-02,119.03,96323 Tara Parkway
231,eric41@terri48@example.net,Printer,2023-06-17,393.63,83182 Nicole Spur Apt. 254
232,antonio.carpenter27@hotmail.com,Webcam,2023-06-16,95.59,01730 Edwards Lakes
233,scott.wilcox33@hotmail.com,Laptop,2024-10-19,1593.11,94491 Brett Shore Apt. 128
234,VICTOR@HERNANDEZ-FLORES.COM,Printer,2025-02-05,349.87,5516 William Extension Suite 451
235,maynardheather@example.com,Smartwatch,2023-12-29,172.93,6257 Wright Shore
236,tara.arnold86@yahoo.com,Webcam,2023-07-13,112.43,831 Elizabeth Cliff
237,gregory@dillon.net,Tablet,2024-01-03,566.35,4228 Gary Wells Suite 786
238,jon.turner@gmail.com,Desk Chair,2023-11-28,339.15,4462 Rachel Fords Apt. 210
239,michael45@kimberly99@example.com,Tablet,2025-03-21,621.87,2507 Jennifer Streets
240,krista50@robertscott@example.org,Software License,2024-12-25,147.03,50605 Howard Dale
241,julie_castaneda@gmail.com,External Hard Drive,2024-06-28,121.03,510 Jackson Glen
242,jhughes@gmail.com,Laptop,2023-10-05,1356.89,2647 Samuel Drive Apt. 780
243,xmartin@example.com,Desk Chair,2025-02-17,228.87,18009 Hernandez Rapids
244,cristina@cooper.com,External Hard Drive,2024-02-05,242.01,82864 Colon Grove Apt. 227
245,ajordan@gmail.com,Webcam,2024-07-21,103.68,014 Jennifer Parkways Apt. 218
246,ryan68@danielblackburn@example.com,Laptop,2024-04-15,1175.0,5701 Brennan Rapid Suite 933
247,jeremy.garcia74@yahoo.com,Headphones,2025-03-20,95.86,83979 Flynn Courts
248,jacqueline98@david07@example.com,Smartphone,2023-07-21,338.58,419 Dillon Highway
249,susan.bradley@yahoo.com,Smartphone,2023-12-10,597.35,08560 Hale Court Apt. 435
250,linda.kaufman98@hotmail.com,External Hard Drive,2025-04-06,247.6,99819 Stone Shore Apt. 101
251,DHILL@HOTMAIL.COM,Desk Chair,2024-08-16,352.6,08736 Douglas Forge
252,zrodriguez@example.org,Printer,2023-06-29,274.3,2361 Davis Key
253,karen.clements70@hotmail.com,Gaming Console,2024-12-24,468.43,20025 Murray Green
254,meganschneider@example.org,Smartwatch,2023-06-15,261.71,12721 Melissa Keys
255,robertjackson@example.net,Keyboard,2024-07-04,104.29,58000 Cassandra Stream
256,ecooper@example.org,Smartphone,2025-05-15,726.78,1807 David Shores Suite 194
257,garrett.hill30@hotmail.com,Webcam,2025-01-20,85.42,6713 Matthew Ramp Suite 632
258,gbrown@gmail.com,Monitor,2023-11-10,558.03,26995 Herrera Rue
259,rachael@delacruz.com,Desk Chair,2023-09-30,380.38,6519 Barnett Corners
260,erica04@example.org,Webcam,2024-08-28,85.98,767 Denise Green
261,jhughes@gmail.com,External Hard Drive,2023-11-28,241.68,2973 Price Pass
262,benjamin@wood.com,Laptop,2024-11-20,1253.43,537 Bell Greens Suite 787
263,paul.henson24@gmail.com,Printer,2023-12-07,180.88,7965 Ward Meadows
264,dhill@hotmail.com,Smartwatch,2024-01-27,347.59,449 Miller Center Suite 915
265,jacob.hall@yahoo.com,Headphones,2023-08-01,106.95,17705 Noah Prairie Apt. 943
266,diana.solomon@gmail.com,Webcam,2025-01-18,54.18,7240 Garrett Street
267,jessica.carr54@gmail.com,Keyboard,2025-02-25,118.19,94520 Owen Lane
268,lstanley@gmail.com,Webcam,2024-08-28,62.83,31781 David Mountains
269,mr..rodriguez86@gmail.com,Smartwatch,2025-04-27,201.0,91830 Angela Underpass Apt. 571
270,ssmith@gmail.com,Smartphone,2023-08-05,399.57,5380 Mark Trail
271,jamie.harrington34@gmail.com,Webcam,2023-12-24,30.77,44790 Derrick Fall Apt. 347
272,karen23@zjackson@example.org,External Hard Drive,2024-11-19,220.28,18578 Miller Courts
273,colin.smith34@hotmail.com,Printer,2025-04-13,111.03,2300 Sutton Streets Apt. 036
274,MASON@ALLEN.COM,Mouse,2024-02-11,48.04,862 William Ridges
275,alexander.crawford@gmail.com,USB Hub,2024-05-17,29.91,32342 Maurice Rapid
276,kelly.conner@gmail.com,External Hard Drive,2024-11-09,144.79,4314 Patrick Drive
277,kimberly.ross87@hotmail.com,Mouse,2025-04-28,33.32,6071 Day Station Apt. 564
278,dennis@clay-meyers.com,Gaming Console,2023-12-14,403.36,87295 Robert Creek
279,leslie.russo42@gmail.com,Gaming Console,2024-09-12,437.5,92410 Matthew Islands
280,thomas42@example.com,USB Hub,2024-08-31,38.11,626 Cunningham Flats
281,joseph67@pandrews@example.com,Keyboard,2024-10-12,62.6,3898 Matthew Wells
282,tracy.roth46@gmail.com,Keyboard,2025-05-01,127.91,23885 Joseph Corners
283,patricia_diaz@hotmail.com,Webcam,2024-09-19,79.05,5169 Andrew Flats
284,RACHELANDERSON@EXAMPLE.NET,Smartphone,2025-02-02,493.28,0083 Moore Hill
285,stacey.roberts72@gmail.com,Desk Chair,2024-06-07,323.38,375 Evan Village
286,kristin_brown@hotmail.com,Monitor,2023-12-03,311.42,0687 Cochran Burg
287,kayla.dixon26@hotmail.com,Tablet,2024-07-16,212.05,256 Ryan Avenue Suite 400
288,sabrina.ward@yahoo.com,USB Hub,2023-05-31,49.91,2620 Michele Burg
289,tiffany_perkins@hotmail.com,Printer,2024-06-15,155.67,148 Aaron Village
290,john_wright2@hotmail.com,Smartphone,2024-08-04,901.41,51583 Sarah Hollow
291,sharon17@example.org,Router,2024-07-14,218.68,20511 Byrd Estates Apt. 936
292,bethany.berg@yahoo.com,Gaming Console,2024-03-07,559.16,6267 Jacobs Lakes Suite 457
293,joshua_allen39@yahoo.com,Headphones,2024-01-17,124.14,7305 Powell Pass Apt. 235
294,raymond.mckinney@yahoo.com,Mouse,2023-08-04,38.76,8371 Stacy Hill
295,TAYLOR@REYES.COM,Gaming Console,2024-06-11,420.51,246 Edwards Pike
296,krista@sloan-lynch.com,USB Hub,2023-10-21,40.35,59933 Franco Plaza
297,albert.hernandez@yahoo.com,Router,2023-11-05,103.05,626 Robinson Mountains Apt. 164
298,timothy_garza@gmail.com,Router,2024-07-23,218.31,2540 Sanchez Ways Suite 966
299,rconner@yahoo.com,Laptop,2024-07-09,1906.37,56772 Daniel Keys
300,twoods@example.com,Tablet,2023-12-04,652.73,43519 Thompson Square Suite 880
301,alexis.graves@hotmail.com,Software License,2024-08-27,271.76,90021 Daniels Park
302,BRIAN12@WRIGHTJESSE@EXAMPLE.NET,Smartphone,2024-11-27,489.03,67352 Nicole Stream
303,tsmith@gmail.com,Monitor,2024-02-19,448.07,37649 Travis Summit Apt. 518
304,richard_faulkner47@gmail.com,Software License,2023-07-23,384.92,50840 Eric Views
305,debra_barton8@gmail.com,Router,2024-06-15,73.18,19407 Smith Street Apt. 741
306,monica.thompson51@yahoo.com,Webcam,2024-08-29,43.69,39237 Walter Throughway
307,rmiller@yahoo.com,Keyboard,2024-04-06,87.99,34866 Gregory Island
308,renee.wheeler97@yahoo.com,Smartwatch,2025-02-04,283.12,8313 Green Lane
309,donna.roberts@gmail.com,Desk Chair,2024-06-09,385.83,9264 Ashley Plain Apt. 518
310,thomas@moore.net,Software License,2024-09-30,466.33,3702 Shannon Gateway Suite 681
311,diana_hawkins@hotmail.com,Laptop,2023-05-30,822.17,39506 Fisher Manor
312,megan.rosario10@yahoo.com,Gaming Console,2023-11-17,403.64,3256 Kenneth Harbor
313,stephanie.suarez44@gmail.com,Router,2024-01-11,60.63,3242 Thomas Station Apt. 642
314,isaiah.mcdowell44@hotmail.com,Laptop,2024-01-09,2257.05,9750 Wallace Ranch
315,courtney.villarreal55@yahoo.com,USB Hub,2023-08-23,29.75,6158 James Junction
316,MATHEW_JOHNSON@HOTMAIL.COM,Tablet,2024-11-01,737.97,858 Sonya Camp
317,brandi.baker@gmail.com,Smartphone,2025-01-07,858.44,0900 Paul Club Suite 799
318,mark.parks32@gmail.com,Software License,2025-03-24,74.29,73447 Eric Squares Suite 411
319,jharding@gmail.com,Headphones,2024-06-16,186.96,72364 Cook Bypass
320,giii@hotmail.com,Headphones,2023-11-12,214.43,6892 Mcdaniel Bridge
321,BETHANY@MYERS-CARTER.COM,Mouse,2023-11-16,50.76,55038 Grant Skyway Suite 064
322,paul.acosta@hotmail.com,Smartwatch,2024-05-29,401.91,7874 Shari Rest
323,kyle30@example.com,Laptop,2024-04-25,1824.87,1997 Moyer Orchard Suite 266
324,hannah.sullivan36@gmail.com,Router,2023-06-02,197.97,3479 Sarah Fall Suite 494
325,dr..petersen52@gmail.com,Gaming Console,2025-04-21,418.61,908 Garcia Shore Apt. 571
326,christopher@manning-gonzalez.com,Gaming Console,2023-10-27,364.6,282 Henderson Junctions Apt. 458
327,BRADFORDBRIAN@EXAMPLE.NET,USB Hub,2024-11-20,46.04,5788 Angela Ridge
328,kelly99@ryan27@example.org,Software License,2024-12-31,190.46,7750 Newman Stream Apt. 058
329,allen74@kochwhitney@example.org,Keyboard,2025-04-21,106.97,475 Erik Crescent Suite 571
330,brandon@esparza-thomas.info,Webcam,2024-02-29,110.21,3236 Gonzales Path
331,RYAN18@JENSENMEGHAN@EXAMPLE.NET,Software License,2023-07-14,459.75,212 Bennett Tunnel
332,JULIA.MORALES@GMAIL.COM,Tablet,2024-07-04,699.09,56918 Houston Road
333,javier_lewis@gmail.com,Monitor,2023-12-11,301.79,3839 Charles Branch
334,djones@yahoo.com,Software License,2024-09-04,187.08,5736 Brandy Heights Apt. 823
335,mary22@vpaul@example.com,Mouse,2025-05-09,32.27,15615 Richard Springs Apt. 804
336,justin.cowan66@yahoo.com,Gaming Console,2023-07-01,531.25,92885 Thompson Lakes Apt. 717
337,LAUREN_NEWTON@HOTMAIL.COM,Smartphone,2024-09-02,989.28,340 Ramirez Field
338,leslie55@lauralove@example.org,Smartwatch,2023-12-19,174.14,0070 Thomas Alley
339,ruth.tran@yahoo.com,Webcam,2023-11-04,82.21,84143 Hansen Place Suite 350
340,CHRISTINE@BREWER-RICHARDS.COM,Webcam,2024-03-10,67.04,809 Ballard Fall Suite 628
341,diana.bolton@yahoo.com,Webcam,2023-11-12,49.8,10997 Smith Ferry
342,jay_murphy16@gmail.com,Keyboard,2023-07-09,46.3,7707 Tammy Springs Apt. 800
343,ryan.newman44@yahoo.com,Router,2024-10-04,116.02,58489 Linda Forks
344,johnny@edwards.com,Headphones,2024-12-18,163.09,882 James Unions
345,emma.sullivan88@yahoo.com,Printer,2023-08-23,313.86,07668 Burke Vista
346,gutierrezerin@example.net,External Hard Drive,2025-02-19,161.95,09192 Davis Rue Apt. 450
347,dawn_md43@yahoo.com,Gaming Console,2024-10-30,527.19,358 Melissa Rapid Apt. 090
348,diana.brown@gmail.com,Gaming Console,2024-01-15,538.13,386 Robinson Ports Suite 379
349,jmckay@yahoo.com,Mouse,2025-03-13,40.19,272 Cory Throughway
350,katherine.fields@hotmail.com,Router,2023-09-28,108.37,74797 Jacqueline Locks Suite 490
351,jonathan.nelson46@hotmail.com,Tablet,2024-02-14,599.37,883 Martinez Springs
352,megan.cobb@gmail.com,Printer,2024-10-08,302.2,8130 Wendy Meadows
353,erica.jenkins28@hotmail.com,Laptop,2024-09-14,1011.75,25479 Melanie Hollow Suite 124
354,donald_gordon@gmail.com,Laptop,2023-11-10,2457.75,47235 Riley Vista Apt. 261
355,davidgarcia@example.org,Mouse,2024-09-02,56.37,6009 Edward Views
356,brian_brown9@hotmail.com,Smartwatch,2023-07-04,152.86,939 King Vista
357,dale18@tbrown@example.com,USB Hub,2024-06-09,54.12,68660 Summers Coves
358,adrian89@richardspatricia@example.net,Printer,2023-07-01,354.67,74814 Jones Island
359,troy_bowen29@yahoo.com,External Hard Drive,2023-07-18,161.12,2327 Lauren Lakes Apt. 639
360,michael.baker45@hotmail.com,Router,2025-03-26,217.2,34717 Diane Summit Apt. 623
361,jose.mason@gmail.com,USB Hub,2024-05-04,47.6,87288 Kirsten Run
362,ediaz@hotmail.com,Desk Chair,2024-07-17,357.92,428 Thompson Village Apt. 125
363,mark.moreno@yahoo.com,Smartwatch,2024-09-13,358.92,68158 Wright Neck Apt. 152
364,kyle.thomas@hotmail.com,Software License,2024-04-24,135.03,0570 Rebecca Mills
365,abigail.ramirez@hotmail.com,Laptop,2023-11-20,1388.01,3268 Katie Crest Suite 150
366,tonya@bernard-schmitt.org,Gaming Console,2025-01-17,317.5,54892 Julia Orchard Suite 901
367,cathy13@stephanie35@example.org,External Hard Drive,2024-04-30,143.11,916 Watts Rapid
368,donna32@phunter@example.com,Gaming Console,2023-08-24,469.05,776 Brendan Valley
369,joseph.carter@gmail.com,Gaming Console,2024-11-25,361.4,099 Kelsey Village
370,andrew.miller7@hotmail.com,Router,2024-05-27,235.1,2572 Gregory Fork
371,victoria@wright.com,Software License,2024-09-08,160.5,859 Huerta Plaza
372,chelsea_oliver27@hotmail.com,Smartphone,2024-08-07,1068.11,4673 Michael Falls Apt. 082
373,heather.lowe2@yahoo.com,Headphones,2025-02-19,91.24,4100 Joshua Station Suite 108
374,patricia@horton-williams.info,Monitor,2023-07-07,274.64,9443 Kim Ports
375,tiffany.wolf35@hotmail.com,Webcam,2023-10-12,107.87,6449 Thompson Lodge Suite 886
376,michael_carpenter29@hotmail.com,Monitor,2024-02-09,374.62,8372 Carol Ridge
377,KATHERINE.LEE@HOTMAIL.COM,USB Hub,2024-06-09,51.59,2217 Benjamin Heights Suite 847
378,holly.romero19@hotmail.com,Monitor,2023-06-30,541.09,36709 Mark Lakes
379,matthew.miller@yahoo.com,Headphones,2024-06-11,172.05,114 Joseph Fall
380,KELSEY.SMITH35@YAHOO.COM,Monitor,2023-09-19,154.16,838 Jones Highway Suite 067
381,JENNIFER.MEYERS94@HOTMAIL.COM,Keyboard,2023-09-08,91.38,39442 Katie Drive Suite 037
382,melissa.allen@gmail.com,Mouse,2024-05-30,59.46,7351 Lewis Estates Suite 280
383,gregory_sanchez14@gmail.com,Mouse,2024-07-14,47.15,891 Rodgers Ranch
384,charles.brown@hotmail.com,Router,2024-05-20,102.86,1185 Jeffrey Avenue
385,matthew.torres@hotmail.com,Headphones,2024-01-01,267.8,84172 Schmidt Trafficway Apt. 222
386,belinda_erickson@yahoo.com,Smartphone,2023-05-24,714.17,194 Olson Orchard
387,veronica.floyd31@hotmail.com,Smartwatch,2024-08-06,203.82,726 Walker Path
388,patrick.carson70@gmail.com,Monitor,2025-04-17,581.23,547 Anderson Isle
389,elizabeth.sweeney@hotmail.com,Software License,2024-03-30,198.69,229 John Square
390,tmartinez@gmail.com,Smartwatch,2024-02-26,206.22,6147 Philip Shores
391,GEORGE@MORGAN.BIZ,External Hard Drive,2025-03-13,102.14,18013 Paula Crescent
392,jbailey@hotmail.com,Monitor,2024-06-24,235.47,50278 Karen Haven Suite 525
393,joanna.singleton60@gmail.com,Monitor,2024-07-04,551.96,76794 Farmer Forges
394,dr..gibson@hotmail.com,Router,2023-12-11,84.39,8338 Kathryn Cape Suite 526
395,christian.larson@yahoo.com,Desk Chair,2024-08-15,306.02,944 Gonzalez Pine
396,john.thompson89@gmail.com,Laptop,2025-03-11,1949.38,016 Vicki Glen Apt. 707
397,sroberts@yahoo.com,Laptop,2023-12-01,1282.17,6747 Butler Path Suite 994
398,dana.anderson1@hotmail.com,Router,2024-09-11,214.53,5594 Christopher Prairie
399,samuel.wolfe@gmail.com,Webcam,2025-01-20,62.56,35255 Contreras Inlet
400,james.russell@hotmail.com,External Hard Drive,2024-03-24,228.73,848 Baldwin Brooks Apt. 353
401,CARL.MCNEIL@GMAIL.COM,Router,2024-10-28,190.54,9626 Webb Fords Suite 876
402,JULIE.SHELTON@GMAIL.COM,USB Hub,2023-08-29,29.47,21966 Fleming Spur Apt. 400
403,brian.anderson10@gmail.com,Desk Chair,2023-07-25,106.97,707 Mary Skyway
404,jacqueline_daniel@gmail.com,Router,2024-06-18,222.54,205 Jessica Mountains Suite 043
405,william15@arivera@example.org,Tablet,2023-06-11,308.99,62363 Jill Cliff Suite 590
406,kimberly63@angelabeck@example.net,Gaming Console,2024-11-19,481.84,9153 Warner Oval Apt. 638
407,casey53@blee@example.com,Keyboard,2023-08-28,66.41,772 Jessica Port Apt. 957
408,gutierrezerin@example.net,Monitor,2024-04-14,474.5,6553 Smith Park
409,raymond3@vvega@example.com,USB Hub,2023-09-11,25.63,72873 Ayers Springs
410,mark_md@hotmail.com,External Hard Drive,2025-05-12,71.32,90979 Lauren Forge
411,natalie.scott83@gmail.com,Monitor,2023-12-18,162.63,0448 Curtis Well
412,sara48@brentestrada@example.net,Gaming Console,2025-02-04,539.46,39734 Timothy Square Apt. 849
413,james.reeves@hotmail.com,Router,2025-02-01,246.68,03900 Perkins Inlet Apt. 197
414,brooke.thompson37@hotmail.com,Software License,2024-05-23,488.21,2678 Barrett Pass Apt. 564
415,janet.vazquez@hotmail.com,External Hard Drive,2023-08-24,120.54,003 Melissa Mountains Suite 213
416,sergio.jackson37@hotmail.com,Mouse,2023-08-30,58.17,837 Dixon Grove Apt. 769
417,brian.schwartz@yahoo.com,Smartwatch,2023-12-17,207.91,2525 Walls Gardens Apt. 494
418,eileen.colon@yahoo.com,Desk Chair,2024-05-19,126.07,7247 Michelle Falls Apt. 834
419,robert@taylor.org,Webcam,2023-08-28,62.83,30140 Murphy Circles
420,melissa.bush37@gmail.com,Software License,2023-09-27,477.16,3021 Rachael Skyway Apt. 016
421,michael83@johnsonchristian@example.com,Gaming Console,2025-01-20,395.78,584 John Ferry Suite 872
422,nicole.ellis68@yahoo.com,Monitor,2023-07-05,552.22,5751 Sellers Bypass Suite 194
423,KCOMBS@GMAIL.COM,Smartphone,2024-12-06,493.67,0777 Leslie Highway
424,DANIELLE@PARSONS-WILLIAMS.COM,Keyboard,2023-11-16,116.81,12756 Martinez Orchard Suite 952
425,brian.schwartz@yahoo.com,USB Hub,2025-03-11,48.64,61096 Tucker Square
426,scott_hernandez20@gmail.com,Monitor,2024-10-29,541.06,8630 Byrd Mountain
427,xmartin@example.com,Smartphone,2025-03-16,597.55,895 Clark Harbor Suite 181
428,christopher24@jbrooks@example.net,Laptop,2024-10-15,2405.13,53736 Elliott Manors Apt. 302
429,joshua@walter.com,Tablet,2023-10-04,489.89,73400 Lindsey Overpass
430,corey_webb31@yahoo.com,Mouse,2024-05-05,19.01,55279 Samantha Field Apt. 523
431,william89@davidramos@example.com,Gaming Console,2024-12-23,424.07,797 Hart Branch Apt. 445
432,fquinn@hotmail.com,Tablet,2023-09-19,505.4,2553 Shawn Radial
433,juan86@nancychang@example.net,Router,2025-04-05,196.34,691 Delacruz Shores Suite 792
434,KRISTINE@MARTINEZ.ORG,Headphones,2024-09-29,146.47,21645 Taylor Shoal Apt. 643
435,james.russell@hotmail.com,Webcam,2025-02-27,59.02,18082 George Mountain
436,stacey.melton@hotmail.com,Tablet,2024-11-16,205.31,2641 Mark Alley
437,allen74@kochwhitney@example.org,Router,2025-01-27,202.65,029 Martin Passage Apt. 269
438,charles_ruiz39@gmail.com,Printer,2025-04-14,247.37,749 Michael Throughway Suite 768
439,ROBERT.BROWN@HOTMAIL.COM,Keyboard,2023-10-19,124.44,9764 John Shores
440,michael.brown@gmail.com,Software License,2025-02-07,431.05,3204 Hines Pike Suite 253
441,jatkinson@yahoo.com,External Hard Drive,2023-10-16,136.94,4678 Darren Pine Suite 845
442,james.cook@gmail.com,Tablet,2024-05-20,225.94,90015 Hoffman Glen Apt. 630
443,jennifer.vargas8@gmail.com,Mouse,2025-04-25,50.45,76276 Heather Turnpike
444,alejandraavery@example.net,Headphones,2023-08-28,251.58,912 Jane Falls Apt. 011
445,speters@yahoo.com,Mouse,2023-11-12,16.68,2297 Bradley Lakes
446,lisa.scott95@yahoo.com,Software License,2024-08-01,439.73,57259 Johnny Square
447,wmartin@hotmail.com,Software License,2023-12-09,357.7,7538 Alexander Gardens Apt. 993
448,jay_murphy16@gmail.com,Printer,2025-04-11,316.54,0888 Anthony Points
449,jeffrey.jones@hotmail.com,Tablet,2024-08-24,259.41,921 Carrillo Trail Apt. 616
450,christopher24@jbrooks@example.net,Software License,2024-05-06,429.14,969 Richard Mission Suite 107
451,mary.fernandez70@hotmail.com,USB Hub,2025-05-11,47.14,751 Michele Fort Apt. 069
452,brandon@esparza-thomas.info,Software License,2024-04-03,292.73,5573 Norris Squares Suite 263
453,troy_bowen29@yahoo.com,Smartphone,2024-05-10,969.18,57497 Snyder Parkway
454,jburns@hotmail.com,Smartwatch,2023-12-02,293.08,14069 Peterson Shoal Suite 980
455,vanessa.williams25@yahoo.com,Laptop,2023-06-29,2358.41,379 Mercedes Mountain
456,david.gardner@yahoo.com,Gaming Console,2025-02-13,581.41,4029 Lloyd Key Suite 799
457,BRENDA_HANNA11@GMAIL.COM,Smartwatch,2024-10-04,440.5,2122 Caitlin Keys Suite 220
458,brenda_harmon22@gmail.com,Gaming Console,2024-01-05,588.2,254 Carl Spring Suite 033
459,jenniferobrien@example.net,Laptop,2025-01-11,1701.49,775 Mercado Mission
460,susan.wright8@yahoo.com,Printer,2024-07-22,97.62,00054 Bradley Harbors Apt. 743
461,angela_ramirez@gmail.com,Router,2024-09-23,208.89,7827 Maldonado Summit Suite 038
462,abigail.luna72@gmail.com,Smartwatch,2024-04-28,328.05,94776 Schmitt Parkway
463,ashley_king@hotmail.com,Headphones,2023-11-13,220.73,506 Evans Turnpike Apt. 281
464,diana.bolton@yahoo.com,USB Hub,2023-12-04,22.01,254 Medina Island Suite 111
465,ccole@gmail.com,Desk Chair,2023-07-18,245.59,7723 Kelly Fall Suite 441
466,DMD@HOTMAIL.COM,Monitor,2024-08-06,219.31,385 Smith Trace Suite 981
467,angela.mitchell@yahoo.com,USB Hub,2025-05-16,34.72,61443 Fletcher Radial
468,charles_ruiz39@gmail.com,Laptop,2024-01-14,1495.86,34297 Kelly Island
469,robert.lopez65@yahoo.com,Software License,2024-03-06,304.68,219 Anna Ridge
470,julie73@ibrooks@example.net,External Hard Drive,2024-05-03,121.95,5011 Rivera Corners Apt. 121
471,colin_mclaughlin@yahoo.com,Smartwatch,2025-02-07,157.72,3255 David Junctions
472,anthony.burton@yahoo.com,External Hard Drive,2023-07-29,97.16,75365 Beard Crossing Apt. 425
473,kristen_ford16@hotmail.com,USB Hub,2023-12-08,46.6,550 Harris Inlet Apt. 533
474,CARL.BARRETT@GMAIL.COM,Monitor,2024-08-17,196.51,5180 Gilmore Center Apt. 736
475,montoyacharles@example.net,Smartwatch,2024-02-27,343.71,72171 William Gardens
476,JAMES.RUSSELL@HOTMAIL.COM,External Hard Drive,2024-12-19,72.62,121 Carla Mews Suite 243
477,bernard39@nelsonduane@example.net,Gaming Console,2025-04-01,406.06,9848 Nicole Terrace Apt. 764
478,ssmith@gmail.com,Desk Chair,2023-10-17,230.11,970 Cook Roads
479,julia83@millergary@example.net,Router,2024-07-21,203.16,6654 Chapman Mills Suite 462
480,daniel22@kennethrogers@example.net,USB Hub,2024-02-25,59.39,09646 Lee Ville
481,miss.phd@yahoo.com,Laptop,2024-04-19,1021.47,2153 Reginald Rapids
482,melissa.ellis@yahoo.com,Monitor,2023-07-25,429.6,6928 Tiffany Stream Suite 370
483,caleb@morris.net,Smartphone,2024-04-15,963.2,3423 Robert Avenue Suite 467
484,jeremy_perez@yahoo.com,Monitor,2024-06-07,506.34,7607 Tran Ramp Suite 371
485,NLUNA@HOTMAIL.COM,Router,2025-01-19,215.11,059 Caitlin Rapid Apt. 322
486,julie@smith.com,Software License,2024-07-12,244.35,57160 Holly Valley
487,KRISTA@SLOAN-LYNCH.COM,External Hard Drive,2025-01-26,117.94,79817 Diane Parkways
488,melissa.bell55@gmail.com,External Hard Drive,2025-03-18,219.2,1868 Mark Landing
489,mramsey@yahoo.com,Tablet,2023-10-07,307.74,61329 Cobb Neck
490,jason.fischer32@yahoo.com,Printer,2025-02-04,267.86,45466 Nielsen Drives
491,TAYLOR.AVERY14@YAHOO.COM,Laptop,2025-04-08,1568.41,53752 Craig Isle Apt. 516
492,nluna@hotmail.com,Smartphone,2025-02-28,456.42,797 Bean Summit
493,latoya35@jennawhite@example.org,Mouse,2024-09-19,16.01,50654 Andrews Square
494,tracy.maldonado@yahoo.com,Smartwatch,2023-07-16,369.17,8027 Alyssa Fork Apt. 724
495,rebecca.hardy@gmail.com,Laptop,2023-07-12,1499.81,2532 Jeremiah Plaza Apt. 744
496,michael_yang49@gmail.com,Printer,2024-07-23,387.2,388 Angela Mission
497,maria.nicholson@gmail.com,Printer,2024-08-16,293.46,41832 Myers Way
498,joshua.thompson15@hotmail.com,Laptop,2023-12-25,2471.22,07913 Melissa Circles Suite 318
499,lisawalters@example.net,Desk Chair,2025-03-10,154.0,04954 Rodriguez Coves Suite 453
500,BRITTANY29@EXAMPLE.ORG,Monitor,2025-04-26,246.28,82128 Sandra Walk Apt. 059
501,tadams@gmail.com,USB Hub,2025-03-15,58.29,9214 Jocelyn Canyon Apt. 276
502,todd@aguilar-jones.biz,Tablet,2023-12-08,290.63,6228 Gary Plain Suite 052
503,john_smith5@gmail.com,Tablet,2024-10-14,777.85,5819 Paul Flats Apt. 925
504,anthony@garcia.com,Tablet,2023-10-23,576.42,2661 Albert Keys
505,thall@gmail.com,Mouse,2023-08-07,66.36,34461 Harvey River Apt. 133
506,maria@soto-hartman.com,Desk Chair,2025-03-15,357.33,6603 Martin Terrace
507,meverett@yahoo.com,USB Hub,2024-04-09,40.83,0759 Clark Harbor
508,kfoster@yahoo.com,Router,2025-01-31,117.24,71883 Rachael Meadows Suite 259
509,diana_hawkins@hotmail.com,Mouse,2023-10-12,67.63,790 Martinez Field
510,jenniferobrien@example.net,Monitor,2023-09-12,567.68,33718 Henry Circles Apt. 201
511,sean_nichols@yahoo.com,Headphones,2024-09-17,291.24,69047 Mary Ramp Suite 830
512,VICTORIA.OSBORNE72@HOTMAIL.COM,Keyboard,2024-11-14,90.23,792 Anderson Path Suite 528
513,isabel81@millercarlos@example.org,Webcam,2024-08-16,40.25,731 Lynch Park
514,jill@king-may.com,Printer,2025-02-12,199.51,7571 Robin Fields Apt. 975
515,bcollins@yahoo.com,Smartwatch,2023-06-02,441.71,111 Fuller Plain Suite 768
516,ann_leonard3@yahoo.com,Monitor,2025-02-21,481.4,01854 Sloan Mission Apt. 700
517,hunter.davis@hotmail.com,Router,2025-03-13,176.41,38960 Jasmine Street
518,smithkenneth@example.org,Tablet,2024-07-05,286.59,12658 Cynthia Estate Apt. 153
519,timothy.berg69@hotmail.com,Monitor,2025-04-05,382.34,392 Elizabeth Lights
520,daniel@luna.com,Keyboard,2024-11-15,125.21,709 Burton Via Apt. 063
521,laurie.king83@yahoo.com,Gaming Console,2023-09-29,589.92,3888 Holly Walk
522,tiffany15@livingstoncindy@example.com,Webcam,2025-05-02,88.37,05876 Megan Trace
523,krodriguez@hotmail.com,Laptop,2024-09-16,915.12,915 Courtney Tunnel
524,michael83@johnsonchristian@example.com,Gaming Console,2024-11-26,555.02,666 Jennifer Valleys Apt. 774
525,JOSEPH.ROBERTS56@HOTMAIL.COM,Router,2023-07-19,134.62,72893 Barry Bypass
526,owenscolleen@example.org,Smartwatch,2024-12-19,167.99,7823 Peter Corner Apt. 587
527,andrew_perkins18@gmail.com,Desk Chair,2023-11-02,191.88,86509 Lindsey Road Suite 495
528,TIMOTHY.JOHNSON84@HOTMAIL.COM,Software License,2024-05-26,140.37,94340 Young Road Suite 315
529,andrea.smith19@yahoo.com,Software License,2025-04-24,382.73,81211 David Way Apt. 227
530,eric55@warrenscott@example.com,Keyboard,2024-10-22,76.84,896 David Wells Suite 578
531,david.butler@yahoo.com,Mouse,2024-03-22,15.41,98900 Perry Parkways
532,RANDY.MORRIS31@HOTMAIL.COM,Router,2023-05-29,190.36,7136 Sharon Centers
533,janet.vazquez@hotmail.com,Headphones,2023-08-02,231.79,47696 Beck Branch
534,BELINDA_ERICKSON@YAHOO.COM,Software License,2025-02-06,323.08,60708 Middleton Dam
535,brenda.bell44@gmail.com,Mouse,2023-07-27,22.21,348 Tina Canyon Apt. 103
536,ariel.ford@yahoo.com,Webcam,2025-04-25,86.97,8518 Jessica Islands
537,jason.tran@gmail.com,External Hard Drive,2024-02-22,200.63,24308 Christopher Springs Apt. 207
538,JUSTIN.ANDERSON55@HOTMAIL.COM,Smartwatch,2023-05-28,140.1,1795 Luis Estate Suite 230
539,joseph.carter@gmail.com,Headphones,2024-04-07,256.87,17387 Zachary Track Suite 199
540,PAMELA.MILLER87@HOTMAIL.COM,External Hard Drive,2025-01-28,188.26,21638 Smith Parkways Suite 254
541,kenneth47@paul47@example.net,Laptop,2025-04-26,2470.14,49490 Beth Path Apt. 816
542,robert_johnson@hotmail.com,Keyboard,2024-02-26,130.59,16351 Katie Locks
543,catherine.johnson@yahoo.com,Mouse,2024-09-04,65.79,02352 Diane Flat
544,DONNA32@PHUNTER@EXAMPLE.COM,Desk Chair,2024-06-11,139.2,3430 James Groves
545,JENNIFER.WILLIAMS54@YAHOO.COM,Router,2025-04-13,193.64,7864 Tommy Junctions Apt. 284
546,kelly99@ryan27@example.org,Smartphone,2025-02-16,352.94,85852 Ronald Lights Apt. 442
547,kathryn@ramirez.com,Webcam,2024-06-27,78.97,65266 Watson Greens Apt. 569
548,christine@kerr-young.biz,Webcam,2023-11-17,89.38,692 Michelle Vista Apt. 940
549,rachel.guerra@gmail.com,Tablet,2023-06-09,399.43,230 Michael Mission Apt. 803
550,miss.phd@yahoo.com,Desk Chair,2024-10-25,241.83,2077 George Hills
551,robert.holt@hotmail.com,Software License,2025-02-01,195.84,33142 Willie Key
552,angela57@marco22@example.com,Keyboard,2024-03-09,92.1,27092 Armstrong Squares
553,cassidy.hicks@hotmail.com,Laptop,2024-04-11,2147.69,7482 Hartman Point
554,kenneth.morrison@gmail.com,Gaming Console,2024-02-20,514.7,7172 Andrea Trafficway Apt. 340
555,HAILEY_BROWN1@HOTMAIL.COM,Router,2025-01-09,83.3,5884 Simpson Street Suite 329
556,MEGAN.JOHNSON@GMAIL.COM,USB Hub,2024-05-10,34.92,61322 Austin Burg Apt. 794
557,davidgarcia@example.org,Printer,2024-06-02,134.34,3412 Hernandez Radial Apt. 410
558,jeremy7@jarednash@example.com,Smartwatch,2024-09-19,441.09,4329 Brown Land Apt. 840
559,ashley.bright73@gmail.com,Webcam,2024-06-26,55.59,026 Dean Rue
560,wesley@shaffer-singleton.net,Desk Chair,2023-10-17,209.83,702 Lindsey Ridge
561,carl.barrett@gmail.com,Gaming Console,2024-05-24,337.03,38281 Allen Path Apt. 320
562,KAREN.MD@YAHOO.COM,Tablet,2023-06-13,642.76,90557 Chelsea Valleys Apt. 065
563,matthew_davis@gmail.com,Smartwatch,2023-08-04,133.82,7091 Adam Stravenue Suite 819
564,sarah.howard@yahoo.com,Keyboard,2024-03-25,116.05,441 Gonzales Well Suite 221
565,sskinner@yahoo.com,USB Hub,2025-02-23,46.97,8528 Melissa Corners
566,michael83@johnsonchristian@example.com,Mouse,2025-03-15,41.44,26492 James Ford
567,wturner@example.com,Gaming Console,2023-06-16,556.71,0684 Jon Spring
568,robert.armstrong@gmail.com,Smartwatch,2024-05-09,282.04,4924 Brown Stravenue
569,justin@spencer.com,External Hard Drive,2024-12-23,188.46,453 Susan Pass Suite 437
570,taylor@reyes.com,Desk Chair,2024-02-11,244.48,1443 Billy Prairie
571,angela63@andersonheather@example.org,Gaming Console,2024-11-10,402.01,22064 Miller Skyway Suite 262
572,tmoore@yahoo.com,External Hard Drive,2024-09-17,215.46,10449 Ralph Coves Suite 123
573,jennifer_moore@yahoo.com,Gaming Console,2024-02-09,539.21,37161 Heather Shore Apt. 932
574,ashley.howard@gmail.com,Software License,2024-07-02,227.24,863 Stephen Glen Suite 234
575,ashley.williams78@gmail.com,Webcam,2023-10-24,72.97,76439 Jason Skyway Apt. 780
576,dfoley@yahoo.com,Router,2023-09-05,130.63,1618 Kimberly Inlet
577,nichole@myers.com,Smartphone,2023-06-23,993.43,63663 Lindsey Lodge Apt. 875
578,corey90@example.net,Monitor,2025-03-17,190.07,002 Larry Locks Apt. 053
579,edward.smith@gmail.com,Software License,2023-06-14,346.95,271 Sparks Harbor Suite 773
580,dana.garcia@gmail.com,Mouse,2024-08-09,40.33,40183 Herbert Inlet Apt. 536
581,maria.finley33@yahoo.com,Tablet,2024-05-26,215.05,0062 Parker Glens
582,sarah_miller@gmail.com,Smartphone,2024-06-15,595.2,04950 Dominguez Crescent Apt. 583
583,frank@terry.com,Mouse,2024-04-10,18.31,26225 Thomas Skyway Apt. 733
584,jhughes@gmail.com,USB Hub,2024-08-17,38.1,5369 Jeffrey Green Apt. 340
585,christine@brewer-richards.com,Software License,2024-10-16,285.27,9242 Williams Pines Apt. 891
586,charles_ruiz39@gmail.com,Router,2024-08-22,138.12,385 Elizabeth Ranch
587,lauren_newton@hotmail.com,Webcam,2023-08-12,110.48,6051 Ryan Gateway Suite 054
588,cathy.potter19@hotmail.com,Software License,2023-11-01,246.63,3340 Hughes Hollow Suite 980
589,JUAN86@NANCYCHANG@EXAMPLE.NET,Monitor,2024-06-12,213.84,943 Amanda Shoals
590,kathleen_clark15@hotmail.com,Printer,2024-11-15,120.77,167 Jones River
591,WILLIAM15@ARIVERA@EXAMPLE.ORG,Mouse,2025-03-06,40.65,64277 Carson River
592,morgansharon@example.com,Webcam,2024-12-11,67.5,70644 Richard Spurs
593,sabrina.ward@yahoo.com,Headphones,2024-10-25,81.52,798 Barbara Road Suite 635
594,angela.mitchell@yahoo.com,Webcam,2025-05-03,90.49,326 Leonard Course
595,lstanley@gmail.com,Software License,2023-05-24,497.39,738 Johnson Roads
596,mason@allen.com,Monitor,2024-03-02,169.03,6385 Perry Field
597,sonya@anderson-clark.com,Mouse,2025-03-28,31.94,7059 Rodriguez Court Apt. 202
598,ariel.ford@yahoo.com,Mouse,2024-08-01,58.74,499 Carrie Island
599,veronica.ortega@gmail.com,Monitor,2023-11-09,492.11,5086 Fuller Landing
600,jody.benitez@yahoo.com,USB Hub,2025-02-23,52.83,8851 Stacey Crest Apt. 822
601,debra.morton87@gmail.com,External Hard Drive,2024-03-19,243.09,36223 Tracey Mews Apt. 467
602,edward.cox@hotmail.com,Monitor,2024-08-14,553.56,59594 Scott Lake
603,sean_nichols@yahoo.com,Keyboard,2024-04-04,31.74,88183 Zimmerman Crossroad
604,amy@hart.org,USB Hub,2025-04-09,43.04,330 Guzman Circles Suite 105
605,csosa@yahoo.com,Headphones,2023-07-20,91.53,02310 Sheri Forest Suite 275
606,jennifer.ponce7@hotmail.com,Webcam,2024-06-01,48.84,481 Cummings Land
607,laura.duke68@gmail.com,Mouse,2024-11-17,49.26,50946 James Fort Suite 157
608,madison.harris@yahoo.com,Keyboard,2025-04-08,135.73,276 Nichols Lake
609,kenneth@hopkins.info,Webcam,2023-11-12,83.58,3994 Christopher Green Suite 875
610,cgonzales@gmail.com,Smartphone,2024-05-08,1161.97,947 Catherine Turnpike Suite 365
611,christopher34@example.net,Software License,2025-04-26,296.23,665 Scott Plain
612,alex.torres17@hotmail.com,Smartphone,2025-03-22,921.77,7545 Harper Isle Apt. 468
613,justin.phd59@yahoo.com,Software License,2023-06-19,50.19,775 Johnson Harbors Suite 503
614,patricia@kelly-landry.com,Monitor,2024-04-15,452.65,12153 Teresa Fords Apt. 893
615,glenn.phd@gmail.com,Gaming Console,2024-03-17,440.72,888 Amanda Divide Apt. 278
616,elizabeth.singleton64@hotmail.com,Headphones,2024-01-18,291.48,58995 Rivera Squares Apt. 023
617,timothy.zuniga36@yahoo.com,Gaming Console,2023-10-27,486.93,4397 Anderson Run Suite 974
618,sarah.baker@yahoo.com,Gaming Console,2024-11-21,358.36,767 Barbara Summit Suite 734
619,kathleen_clark15@hotmail.com,Gaming Console,2023-12-07,356.74,41177 Vincent Lock Apt. 535
620,don.wright@hotmail.com,Mouse,2023-09-30,67.02,01397 Justin Greens Suite 254
621,allison45@timothy63@example.org,Smartwatch,2024-04-11,326.49,19980 Robin Mountain
622,lori.howard@gmail.com,USB Hub,2024-10-09,30.24,984 Rita Alley
623,ryan.fry16@hotmail.com,Gaming Console,2024-06-28,316.2,757 Gallagher Loop Suite 255
624,sarah.howard@yahoo.com,Smartphone,2024-08-14,1130.1,835 Hunt Plaza Apt. 958
625,susan.griffin53@gmail.com,Keyboard,2025-05-11,27.57,4300 Savage Shores
626,theresa.mann40@hotmail.com,Router,2023-07-19,148.98,695 Murray Radial Suite 148
627,andrea.moran@gmail.com,Desk Chair,2024-07-15,366.34,66551 Jeffrey Falls
628,michael@meyers.org,Laptop,2023-07-21,1407.7,33701 Krause Tunnel
629,tiffany15@livingstoncindy@example.com,Router,2024-07-17,67.97,9231 Goodman Rapid Suite 923
630,samuel.wolfe@gmail.com,Monitor,2024-02-17,386.96,72903 Amber Hill Apt. 533
631,rachel57@kimberlyvillarreal@example.org,Webcam,2025-03-20,36.81,318 West Isle
632,lance.wells6@hotmail.com,Tablet,2024-08-27,579.65,4306 Hood Throughway Apt. 727
633,rmora@hotmail.com,Smartwatch,2024-08-12,353.87,779 Alexandria Street Suite 711
634,nicole.abbott96@hotmail.com,Printer,2024-06-01,293.38,9218 Margaret Pike
635,kristine@martinez.org,USB Hub,2024-06-19,55.58,373 Grimes Orchard Apt. 736
636,chris.ortiz@hotmail.com,Webcam,2024-06-24,81.02,23430 Smith Islands
637,brian@perkins-gibson.com,Software License,2024-04-14,83.66,7622 Troy Mountains Suite 070
638,cody29@prichardson@example.com,Software License,2024-05-28,492.31,76700 Michelle Spurs
639,maria.md33@hotmail.com,Smartwatch,2025-04-08,102.16,49690 Jessica Station Apt. 814
640,ADAMTRAN@EXAMPLE.NET,Printer,2024-09-11,176.6,9473 Joan Wall Apt. 364
641,soliver@hotmail.com,Software License,2024-07-22,269.85,4604 Julia Bridge
642,joseph.harrison@hotmail.com,Keyboard,2023-10-07,114.3,080 Gutierrez Landing Suite 561
643,bryan32@ashleycarroll@example.org,Printer,2025-04-30,269.15,3021 Nancy Circles
644,christopher24@jbrooks@example.net,Monitor,2024-04-14,595.91,950 Perez Estate Suite 001
645,gary.watson48@gmail.com,Mouse,2025-04-06,68.81,036 Debra Motorway
646,travis74@wmoss@example.org,Printer,2024-10-04,243.55,9616 Johnson Dam
647,AUSTIN_STANLEY@YAHOO.COM,Laptop,2023-12-29,1635.68,821 English Lakes
648,christopher@guerrero.net,Software License,2024-09-25,488.28,12940 Tyler Passage Suite 331
649,adds@yahoo.com,Tablet,2024-02-03,258.22,72630 Armstrong Views
650,lisa.murphy97@hotmail.com,Software License,2023-12-09,448.11,059 Cole Wall Suite 236
651,daniel@luna.com,Software License,2023-06-04,479.88,577 Stephanie Parkways Suite 848
652,chelsea_md@gmail.com,Software License,2024-04-12,223.03,132 Richard Pines
653,brandon58@cookewilliam@example.org,Gaming Console,2023-09-13,321.8,8711 Rice Turnpike
654,jackie.king@hotmail.com,Tablet,2025-05-13,592.92,252 Anthony Locks Suite 908
655,cody29@prichardson@example.com,Headphones,2023-10-25,264.8,7212 Donaldson Burgs Suite 123
656,matthew.sanchez67@hotmail.com,Headphones,2024-06-25,167.35,0642 Dustin Island
657,robin.odom@hotmail.com,Software License,2023-07-28,490.1,125 Smith Land Apt. 786
658,angel.cooper70@gmail.com,Monitor,2024-09-15,578.81,761 Derek Expressway
659,michael.bennett@gmail.com,USB Hub,2024-01-18,32.5,327 Diane Rapid
660,RICHARD31@ISMITH@EXAMPLE.ORG,Router,2024-02-07,182.44,3938 Jackson Land
661,robert_johnson@hotmail.com,USB Hub,2024-05-26,49.04,013 Dawn View Suite 163
662,diana_hawkins@hotmail.com,Gaming Console,2023-12-12,377.58,327 Brown Corners Suite 628
663,larry.snyder@gmail.com,Headphones,2023-08-22,77.28,381 Sara Pass
664,brittney10@example.net,Headphones,2024-09-29,195.34,053 Robinson Creek Apt. 122
665,wilkersonkevin@example.com,USB Hub,2023-09-14,53.95,0616 Stewart Shores
666,MELINDA.MAY71@HOTMAIL.COM,Laptop,2024-12-13,1376.31,738 Weber Divide
667,gutierrezerin@example.net,Keyboard,2023-05-29,49.65,8229 Steven Ports Apt. 467
668,hector.williams@hotmail.com,Webcam,2024-11-25,76.17,206 Audrey Crossroad Suite 802
669,brian.brown@gmail.com,Gaming Console,2023-12-25,474.26,269 Audrey Spring Apt. 306
670,tracy72@robertrodriguez@example.net,Headphones,2023-11-02,168.95,2677 Matthew Road Apt. 369
671,abigail.ramirez@hotmail.com,Gaming Console,2025-03-05,396.75,36183 Ingram Causeway
672,william89@davidramos@example.com,Keyboard,2023-08-15,98.99,306 Martin Branch
673,lawrence.holder@gmail.com,Smartwatch,2024-08-16,372.31,37674 Devin Greens Apt. 758
674,amanda.perkins52@gmail.com,Monitor,2023-09-11,234.46,1784 Peters Fords Suite 545
675,andrew_perkins18@gmail.com,Gaming Console,2024-01-27,515.38,9235 Shannon Divide Suite 903
676,lisa.phillips59@yahoo.com,Desk Chair,2024-10-12,135.83,663 Frye Divide Suite 648
677,JEFFREY.TAPIA51@HOTMAIL.COM,Keyboard,2025-01-23,90.64,805 Harrington Loaf Suite 363
678,nicole.owens84@hotmail.com,External Hard Drive,2023-06-21,135.88,65033 Smith Bypass Apt. 057
679,vhanna@example.org,Keyboard,2024-10-15,142.9,647 Brandi Overpass Apt. 379
680,toni.smith80@hotmail.com,Monitor,2024-06-20,417.23,850 Meza Fort
681,diana.bolton@yahoo.com,Mouse,2023-08-03,17.71,66443 Tricia Throughway Suite 629
682,tiffany_smith@yahoo.com,Headphones,2024-02-15,175.22,46525 Michael Summit
683,todd.hooper@hotmail.com,Laptop,2025-01-05,1149.46,1285 Christina Stream Apt. 411
684,KRISTINA69@GREESE@EXAMPLE.COM,External Hard Drive,2024-07-05,82.96,1021 James Cliff Apt. 046
685,taylor.cain46@yahoo.com,Tablet,2024-09-23,608.01,18306 Donna Estate
686,kimberly@molina.com,Mouse,2025-03-02,28.89,527 Norman Parkway
687,SUSAN.BRADLEY@YAHOO.COM,Smartwatch,2025-02-25,184.99,48469 Galvan Groves Apt. 881
688,robert_johnson@hotmail.com,Router,2024-08-11,81.19,802 Klein Gateway Suite 988
689,doris.velazquez@yahoo.com,Router,2024-11-20,178.85,478 Zuniga Lock
690,christopher.vazquez@hotmail.com,Gaming Console,2024-01-08,329.54,043 James Vista
691,dana.garcia@gmail.com,External Hard Drive,2025-02-11,152.22,9760 Danielle Road
692,DWYATT@YAHOO.COM,Gaming Console,2024-01-07,569.9,786 Wright Ports Apt. 669
693,AMANDA_MEDINA@HOTMAIL.COM,Laptop,2024-03-14,2272.0,038 Wells Villages
694,ssimon@gmail.com,Desk Chair,2025-05-09,358.57,93535 Peter Knolls
695,DAVIDSONSHERRY@EXAMPLE.COM,Printer,2024-08-29,286.96,82728 Kayla Crest Suite 798
696,mark43@mgrimes@example.org,Gaming Console,2023-10-06,583.74,9498 Williams Lock Suite 543
697,cameron.robertson@hotmail.com,Smartphone,2023-10-25,922.41,399 Marshall Wells
698,troy_ward13@yahoo.com,Printer,2025-01-25,173.3,97183 Henry Ridge
699,WMARTIN@HOTMAIL.COM,External Hard Drive,2024-05-20,222.72,4625 John Prairie Apt. 335
700,SALLYHUGHES@EXAMPLE.COM,USB Hub,2025-04-15,31.03,58517 Brennan Extensions
701,charles.smith44@hotmail.com,Smartphone,2024-01-19,1094.4,57953 Perry Mount Apt. 450
702,jasmine@pearson-morton.biz,Smartphone,2024-04-16,359.03,06422 Hayden Crest
703,bryanshaw@example.org,USB Hub,2024-11-27,53.81,58820 Hunt Walk
704,molly.price@yahoo.com,Monitor,2023-12-20,595.18,0836 Smith Islands
705,LAURA@GREEN-CRAWFORD.NET,Laptop,2023-11-22,2413.26,291 Christopher Estate
706,sherry32@sanchezjoseph@example.net,USB Hub,2024-01-09,25.93,239 Rebecca Mountains Suite 816
707,bradfordlori@example.com,Laptop,2023-11-01,2099.5,217 Jones Trafficway
708,andrew.wallace30@gmail.com,External Hard Drive,2024-11-24,178.92,662 Beasley Mission
709,william.bailey4@hotmail.com,External Hard Drive,2024-02-13,131.57,2294 Harper Neck Apt. 578
710,christian_pearson@yahoo.com,Gaming Console,2024-10-03,359.6,885 Robert Shoals Apt. 485
711,adds@yahoo.com,Mouse,2024-07-14,67.92,8033 Shields Parks
712,lauren@long.com,Smartwatch,2023-08-16,346.47,3588 Ramirez Fields Apt. 012
713,donna32@phunter@example.com,Laptop,2025-01-01,1117.66,481 Jeffery Track Suite 945
714,kmiller@hotmail.com,Software License,2023-11-19,342.67,3509 Ashley Radial Suite 255
715,stephen.miles14@hotmail.com,USB Hub,2024-09-30,57.66,53867 Sylvia Track
716,robert@taylor.org,Tablet,2024-06-01,746.84,5088 Timothy Hills Apt. 965
717,michael.bennett@gmail.com,External Hard Drive,2024-01-21,87.18,27570 Allen Summit
718,erica.parker21@gmail.com,Headphones,2025-04-01,228.94,849 Marshall Tunnel Apt. 229
719,suzanne.woods@hotmail.com,Keyboard,2025-01-19,144.87,3686 Jean Glens
720,ashley.thornton85@gmail.com,USB Hub,2025-04-26,49.01,9779 Kelly Trail Apt. 307
721,christopher94@bakerbrandon@example.net,Router,2024-06-08,151.8,18878 Tina Crescent
722,peter.jones@gmail.com,Laptop,2024-08-09,2156.92,049 Grant Fords
723,lisa@olson.biz,Webcam,2025-04-29,42.44,3437 Derrick Drive Suite 510
724,barbara_owens40@hotmail.com,Smartwatch,2023-06-22,211.99,3788 Johnson Via Apt. 673
725,dr..gibson@hotmail.com,Headphones,2024-03-16,110.0,00786 Russell Crest
726,steven.ortiz69@gmail.com,USB Hub,2024-02-23,28.35,9048 Lawrence Creek Apt. 900
727,bryanshaw@example.org,Smartwatch,2025-01-12,171.79,000 Morgan Ridges
728,CASSIDY.HICKS@HOTMAIL.COM,Webcam,2023-08-07,48.02,38412 David Garden
729,robin.odom@hotmail.com,Monitor,2024-06-09,394.33,3209 Matthews Forest
730,acox@gmail.com,Tablet,2024-02-12,281.79,62242 Lawrence Pike Apt. 470
731,sharon.dvm80@yahoo.com,Gaming Console,2023-09-03,437.06,27308 Rose Summit Apt. 271
732,ERIN.MOSES@GMAIL.COM,Webcam,2024-11-21,67.84,057 Wright Keys Apt. 260
733,JBURNS@HOTMAIL.COM,Smartphone,2024-02-17,701.29,04928 Joel Haven
734,jon.turner@gmail.com,Smartwatch,2024-01-16,338.01,35738 Michael Prairie Apt. 587
735,kimberly@mendez.net,Router,2025-02-06,138.2,264 Anthony Extension Suite 558
736,ALBERT@GAINES-CARTER.INFO,Tablet,2024-12-14,520.84,0138 Christopher Pines
737,mrs.83@stephaniesanford@example.com,Smartphone,2024-11-12,500.84,46924 Jackson Green
738,nicholas.baker@gmail.com,Headphones,2024-07-04,131.74,513 Jeanne Forks
739,brian.cuevas@gmail.com,Printer,2024-05-07,309.47,101 Ford Expressway Suite 701
740,BRYCE.GOMEZ99@HOTMAIL.COM,Laptop,2024-08-21,1007.44,01156 Jennifer Forks
741,jgarner@hotmail.com,Gaming Console,2024-12-04,390.13,376 Randall Burg Apt. 395
742,ashley.maddox@hotmail.com,Laptop,2024-02-18,2341.35,3092 Walter Meadow
743,MARILYN.FORD45@GMAIL.COM,Router,2025-02-02,209.18,9451 Peterson Tunnel Apt. 539
744,amy@weber-hogan.com,Desk Chair,2024-02-06,346.9,45600 George Drives Apt. 497
745,jacqueline_daniel@gmail.com,Mouse,2023-06-17,50.51,7076 Mark Squares Apt. 151
746,jasonmills@example.com,Monitor,2023-06-20,238.09,479 Carter Throughway
747,amy@weber-hogan.com,Desk Chair,2023-06-08,183.59,4125 Krause Underpass Suite 758
748,dylan.price81@hotmail.com,Software License,2024-03-06,261.29,18674 Lang Junction Apt. 444
749,robert@taylor.org,Printer,2023-09-10,235.41,23598 Randy Station
750,benjamin@wood.com,Gaming Console,2023-05-24,587.29,622 Leslie Lock
751,BRITTANY29@EXAMPLE.ORG,Webcam,2025-04-12,58.94,292 Candace Via
752,raymond.sanders45@yahoo.com,Keyboard,2024-07-13,75.53,7131 Roy Squares Suite 712
753,chad.sanford22@yahoo.com,Smartwatch,2025-01-15,292.62,89253 Brittany Track Apt. 164
754,TONY.MCKNIGHT@GMAIL.COM,Printer,2023-08-02,162.72,78083 Evans Centers Apt. 307
755,PAUL.GRAHAM@GMAIL.COM,Software License,2025-04-29,450.3,007 Long Canyon
756,shawn@spence.com,USB Hub,2024-08-18,48.89,795 Lauren Spurs
757,DENNIS@CLAY-MEYERS.COM,USB Hub,2025-04-10,52.06,2567 Woods Landing
758,CINDY.MARTIN94@GMAIL.COM,USB Hub,2023-12-01,22.49,587 Paul Branch Suite 364
759,erin.moses@gmail.com,Smartphone,2024-03-23,1097.53,2846 Heather Common Apt. 213
760,jenniferobrien@example.net,Mouse,2024-09-06,17.37,57578 Vickie Plains
761,ANGELA.GRAY@GMAIL.COM,Smartwatch,2024-05-27,360.96,56793 Charles Lane Suite 143
762,soliver@hotmail.com,Smartwatch,2023-06-26,202.69,93394 Carol Oval Apt. 868
763,deborah_griffin@yahoo.com,Smartwatch,2025-03-30,383.22,992 Cody Prairie
764,breanna.erickson@yahoo.com,Laptop,2023-07-09,1351.16,71004 Silva Junctions
765,barbara.wilson@hotmail.com,Mouse,2024-07-22,34.49,463 Kelly Inlet
766,dr..gentry53@gmail.com,Software License,2024-03-17,233.48,24677 Reyes Rapids
767,megan66@carolyn01@example.org,Smartphone,2023-12-05,1049.0,15110 Duran Track Suite 020
768,kcombs@gmail.com,External Hard Drive,2025-04-14,222.65,510 Ellis Brook
769,latoya35@jennawhite@example.org,Gaming Console,2024-07-21,489.97,72093 John Burg
770,jennifer_moore@yahoo.com,Webcam,2024-08-13,108.5,770 Julie Canyon
771,CRIDDLE@YAHOO.COM,Headphones,2023-11-23,254.96,820 Collins Rapid
772,mrandolph@yahoo.com,Desk Chair,2024-01-23,280.03,775 John Divide
773,claire@sharp.net,Smartwatch,2024-11-22,247.84,493 Williams Street
774,mason@allen.com,Smartphone,2024-02-04,1040.79,46438 John Parks
775,james_harper@gmail.com,Router,2025-04-16,203.78,32991 Eric Wells
776,laura.porter@gmail.com,Tablet,2024-02-09,287.67,49132 Glover Hollow Suite 695
777,kyle.lowe85@hotmail.com,Gaming Console,2024-10-16,446.99,505 Jesus Gateway Apt. 534
778,john.ii9@hotmail.com,Laptop,2025-02-19,1059.55,54172 Daniels Parkway Suite 114
779,michael45@lperkins@example.org,Software License,2024-10-14,247.32,7794 Matthew Lane Apt. 818
780,deanna@jacobson.com,Smartwatch,2024-01-06,196.81,99534 Swanson Mount
781,jeremy_cook38@yahoo.com,Mouse,2024-10-14,15.09,235 Porter Skyway
782,jeffrey@lewis.com,Mouse,2025-02-20,68.36,0913 Harmon Way Apt. 444
783,jill@king-may.com,Router,2024-06-03,130.04,008 Miguel Field
784,mdvm@yahoo.com,Smartphone,2024-09-21,1142.9,90820 Michael Park Suite 994
785,JUAN86@NANCYCHANG@EXAMPLE.NET,Printer,2023-10-04,269.94,4237 Bolton River Suite 436
786,melissa.martin46@hotmail.com,Printer,2024-01-10,344.38,2745 Rhodes Turnpike
787,william15@arivera@example.org,Monitor,2024-11-03,520.93,3591 Villegas Ford Suite 613
788,danielle@parsons-williams.com,Smartwatch,2023-10-10,350.16,388 Taylor Viaduct
789,lance.long@yahoo.com,Desk Chair,2023-12-16,114.63,169 Jennifer Curve Suite 014
790,christopher.jenkins56@yahoo.com,Keyboard,2024-05-03,95.45,5051 Savage Pike Apt. 458
791,christina.cooley79@gmail.com,Monitor,2024-12-23,523.7,13528 Kimberly Junction
792,rachel@irwin.com,Headphones,2025-03-11,180.23,9176 Jenkins Vista Apt. 507
793,robert37@mcdonaldnicole@example.net,Webcam,2024-04-29,35.43,47055 Francis Tunnel Suite 086
794,gina.gonzalez95@hotmail.com,USB Hub,2023-07-21,46.47,9237 Richard Roads
795,deborah_griffin@yahoo.com,Keyboard,2024-02-10,107.61,872 Roach Burgs
796,farmerkelsey@example.org,Smartwatch,2024-05-22,380.31,40959 Vincent Lodge Apt. 818
797,nancy97@example.net,Router,2024-02-24,148.75,06059 Reeves Canyon Suite 492
798,mike54@example.com,Webcam,2024-09-28,78.56,4585 Larry Causeway
799,jennifer.mckenzie94@yahoo.com,Smartwatch,2024-11-28,298.93,5333 Jackson Isle
800,stephen.collins83@hotmail.com,Software License,2023-09-03,109.63,1239 Jo Hill
801,charles.nielsen@hotmail.com,Headphones,2024-06-29,272.64,2315 Anne Heights
802,frank_roach@gmail.com,Desk Chair,2023-08-27,163.68,74787 Hill Groves Suite 281
803,ERIC.TAYLOR94@HOTMAIL.COM,Router,2025-01-17,86.19,15975 Gutierrez Station
804,garrett88@amanda20@example.com,Smartwatch,2023-06-29,379.4,24978 Burke Spring Suite 715
805,brian67@velasqueztravis@example.com,Headphones,2024-02-25,227.1,4585 Andrea Mill Apt. 661
806,joseph.bolton@hotmail.com,Mouse,2023-06-29,22.83,038 Donovan Roads Apt. 797
807,lori.silva@yahoo.com,Desk Chair,2024-11-22,119.36,458 Vincent Lakes
808,sarah.briggs72@hotmail.com,Smartwatch,2024-10-22,139.1,251 Clark Square Apt. 925
809,michael45@lperkins@example.org,Smartphone,2025-02-15,478.08,75975 Danielle Rest
810,jessica.hernandez@gmail.com,Software License,2025-03-23,151.82,85823 Victoria Island Suite 248
811,steven.hughes11@hotmail.com,Router,2023-10-10,153.34,3721 Rebecca Manors
812,UWILLIAMS@EXAMPLE.NET,Router,2024-03-04,185.17,2266 Ian Road
813,melissa@williams.com,Printer,2025-03-27,142.0,699 Walker Orchard Apt. 423
814,james.case74@yahoo.com,Gaming Console,2024-08-23,330.04,1848 Garcia Estate Apt. 453
815,morgansharon@example.com,Headphones,2025-03-01,60.22,89059 Crane Parkway Apt. 789
816,brian.chavez84@hotmail.com,Webcam,2025-05-11,77.13,128 Sherri Fords
817,edward.smith@gmail.com,Mouse,2025-05-13,23.44,8302 Michael Oval Suite 412
818,CBOND@YAHOO.COM,Router,2023-10-07,74.54,76152 Nicholas Street
819,shelley_hart50@gmail.com,Mouse,2024-02-08,15.98,959 Melissa Estates Suite 558
820,dgreen@gmail.com,Laptop,2023-07-19,866.65,766 Shane Spurs Suite 524
821,julia83@millergary@example.net,Mouse,2023-10-26,56.42,0840 Joseph Trail Suite 966
822,benjamin.taylor73@gmail.com,Desk Chair,2024-07-22,270.95,180 Massey Crest Suite 023
823,MICHAEL70@RONALD82@EXAMPLE.NET,Webcam,2023-05-24,60.2,096 Michael Coves
824,steven.shaw@hotmail.com,Smartphone,2024-04-22,1086.69,28988 Lin Garden Suite 344
825,VICTORIA@WRIGHT.COM,Router,2024-06-13,81.98,3501 James Dam
826,christina.oconnor25@hotmail.com,Monitor,2023-07-01,240.71,7167 Mclaughlin Lodge Apt. 186
827,linda_howell45@hotmail.com,Smartphone,2024-11-24,1174.17,07213 Villa Parkways Apt. 213
828,tmoore@yahoo.com,USB Hub,2024-07-20,24.54,382 Bryant Flats Suite 214
829,michelle@rojas.com,Keyboard,2024-09-16,48.09,27170 Michael Port
830,marcus46@ekey@example.net,Printer,2024-10-13,334.72,88216 Alexis Cliff Apt. 024
831,veronica.ortega@gmail.com,Laptop,2023-06-19,1194.93,01579 Jordan Creek
832,gbrown@gmail.com,Webcam,2023-06-08,93.68,089 Lee Shore
833,CAITLIN@RAMOS-MYERS.COM,Monitor,2024-03-30,244.28,6076 Chandler Track
834,eugene.hines@yahoo.com,Monitor,2024-07-10,530.18,9543 Jeffrey Bypass
835,sarah.newton@yahoo.com,Software License,2023-11-17,51.69,7535 Brown Route Suite 546
836,amy.west@yahoo.com,Webcam,2024-09-16,81.81,881 Laurie Spurs Suite 103
837,CHRISTINE.MARTINEZ@GMAIL.COM,Software License,2024-09-27,228.54,2697 Hawkins Gardens Suite 005
838,alison.mccarty12@yahoo.com,Gaming Console,2023-11-14,571.51,95909 Patricia Ridge
839,cbond@yahoo.com,Keyboard,2025-02-10,91.58,11478 Hannah Park Apt. 879
840,misty.lopez14@yahoo.com,Monitor,2024-10-11,524.6,2533 Armstrong Rapid
841,richard46@example.com,Printer,2024-01-08,212.01,2696 Darryl Summit Apt. 319
842,alan.woods36@gmail.com,Smartwatch,2024-11-03,266.62,718 Miller Port
843,tracy72@robertrodriguez@example.net,Gaming Console,2024-02-21,455.36,148 Debra Field
844,ryan@hodge-lopez.info,Software License,2023-06-04,58.82,26185 Vega Parkway
845,jthomas@gmail.com,Printer,2024-05-23,327.06,059 Smith Bypass Suite 447
846,amcdonald@yahoo.com,USB Hub,2024-12-14,58.21,86655 Jack Mall Suite 999
847,mstewart@hotmail.com,Printer,2024-10-26,152.18,655 Miller Row
848,jennifer.harmon60@gmail.com,Tablet,2024-04-27,336.1,27347 Mary Crossing
849,angela10@alison43@example.org,Monitor,2024-03-08,284.95,52625 Gates Lane Apt. 428
850,katherine.payne34@gmail.com,Gaming Console,2024-04-05,414.57,552 Andrew Rapids Apt. 651
851,ganderson@hotmail.com,Laptop,2023-10-07,985.74,67656 Catherine Highway
852,MICHAEL.SMITH32@YAHOO.COM,Router,2024-01-25,148.11,49634 Janet Shoal
853,matthew.cook@yahoo.com,Software License,2024-01-02,288.18,1087 Evan Walk
854,christopher.gilmore@hotmail.com,Laptop,2025-04-24,1181.88,83106 Luis Village Suite 207
855,brandon.vazquez77@gmail.com,Desk Chair,2024-05-16,356.27,02115 Smith Greens
856,CHRISTIAN.LARSON@YAHOO.COM,Smartwatch,2023-08-30,146.5,70764 George Union Apt. 985
857,ballkimberly@example.org,Monitor,2025-05-15,557.56,13456 Kenneth Mills Apt. 154
858,albert@gaines-carter.info,Printer,2023-07-26,320.19,7002 Deborah Parkway Apt. 509
859,hailey@randall.net,Headphones,2025-05-05,206.93,58403 Jenna Track
860,zrodriguez@example.org,Keyboard,2024-05-16,147.56,13883 Christopher Point
861,robin.odom@hotmail.com,Printer,2023-08-16,235.02,831 Garcia Place
862,LARRY28@JEFFREYWATKINS@EXAMPLE.NET,Webcam,2024-04-29,112.76,7117 Stephen Neck
863,joshua.jones30@hotmail.com,Tablet,2024-08-27,513.7,882 Jon Fall
864,JEFFERY76@LJENSEN@EXAMPLE.ORG,Mouse,2025-05-05,20.36,2680 Dawson Canyon
865,jessica.watkins@yahoo.com,Mouse,2024-05-16,18.81,070 Joseph Trail
866,michael_yang49@gmail.com,Headphones,2025-01-28,285.51,095 Angela Falls
867,leonard@mclaughlin.com,Gaming Console,2023-11-08,334.88,30036 Barker Plains Suite 152
868,dale18@tbrown@example.com,Smartwatch,2024-05-24,325.49,3601 Erin Pines Apt. 084
869,jeffrey_jr.@gmail.com,Keyboard,2024-11-16,90.84,367 Colin Station Suite 780
870,tyler07@example.com,Mouse,2025-03-05,24.82,1569 Greene Neck
871,MARK@MCKAY.INFO,Software License,2025-01-21,384.94,1708 Fischer Crossroad
872,michael_carpenter29@hotmail.com,Monitor,2024-02-22,271.01,5321 Park Mall Suite 770
873,joel.jackson87@hotmail.com,Router,2023-11-13,91.71,0738 Banks Meadows
874,brian.cuevas@gmail.com,Desk Chair,2024-11-26,151.28,0074 Michelle View
875,mrs..mcconnell51@yahoo.com,Laptop,2024-03-10,837.32,79436 John Divide Suite 726
876,robert.holt@hotmail.com,External Hard Drive,2023-08-23,107.92,9465 Matthew Gardens
877,morgansharon@example.com,Printer,2024-12-07,117.13,8188 Davis Lane Suite 694
878,kathleen_clark15@hotmail.com,Desk Chair,2024-01-26,100.95,0594 Michelle Falls
879,mark@watts.com,External Hard Drive,2025-04-30,140.94,420 Moore Point
880,david.duke@gmail.com,Monitor,2023-06-11,204.26,10468 Pruitt Wells
881,kevin.simon65@yahoo.com,Desk Chair,2025-01-16,186.13,3173 Smith Rapid
882,sue06@example.net,Software License,2025-02-09,190.17,395 Alan Alley
883,gregory.lopez@gmail.com,Router,2024-12-04,77.77,575 Lee Port Suite 048
884,JBAILEY@HOTMAIL.COM,Tablet,2023-09-05,357.59,9582 Payne Forest Suite 840
885,jamie.swanson16@hotmail.com,Router,2024-04-22,135.88,9130 Suzanne Plains
886,swalker@yahoo.com,USB Hub,2024-07-29,41.63,539 Mullen Groves Suite 201
887,DANIEL.WHITEHEAD17@YAHOO.COM,Smartphone,2023-07-28,450.81,707 Patrick Lane Apt. 384
888,jacob_williams@hotmail.com,Laptop,2023-12-29,1691.17,55869 Michael Harbor
889,daniel.roach@yahoo.com,Gaming Console,2023-09-28,347.47,38795 Kelly Mountain Apt. 661
890,ashley.maddox@hotmail.com,Monitor,2023-10-19,276.16,4670 Robinson Path Suite 656
891,jared.mullen@yahoo.com,Webcam,2024-12-10,80.15,6683 Tanner Crescent
892,olivia@hebert.com,Software License,2024-10-10,270.35,016 Morse Shoal Apt. 211
893,joseph.cox95@yahoo.com,Monitor,2024-10-09,498.61,152 Ashley Trafficway
894,mstewart@hotmail.com,Webcam,2024-05-13,53.31,2991 Meza Curve
895,johnny@edwards.com,Keyboard,2023-09-08,53.5,2770 Spencer Mountain Apt. 858
896,john.walker10@yahoo.com,Monitor,2024-09-15,286.89,62042 Merritt Extension Suite 004
897,wjones@yahoo.com,Desk Chair,2025-01-15,163.8,8331 Perez Springs
898,david.gardner@yahoo.com,Printer,2024-05-07,245.72,7600 Simmons Oval Suite 932
899,ANNA.RAMIREZ32@HOTMAIL.COM,Webcam,2023-10-07,79.98,571 Melissa Vista Apt. 810
900,zachary.hurley@yahoo.com,Smartwatch,2025-03-25,421.42,9823 Johnson Lakes Suite 370
901,alexis.hansen@gmail.com,Printer,2024-09-20,270.73,084 White Falls Apt. 553
902,SBRUCE@HOTMAIL.COM,External Hard Drive,2025-01-29,147.64,812 Mitchell Pines
903,thenderson@yahoo.com,Laptop,2024-08-18,1535.73,0220 Frey Curve Suite 055
904,megan66@carolyn01@example.org,Tablet,2025-02-11,367.72,155 Edwards Ports
905,sheri_sims37@hotmail.com,Laptop,2024-04-13,1941.89,2901 Laura Motorway
906,christopher.wilson68@hotmail.com,Desk Chair,2025-01-10,361.09,76071 Emily Park
907,robert@kemp.com,Printer,2024-09-07,390.06,61011 Sara Pike
908,kathryn@carter.com,Desk Chair,2024-04-15,227.42,35015 Bruce Wall Suite 457
909,bretthenry@example.net,USB Hub,2023-10-10,27.08,663 Hamilton Harbor
910,lawrence.holder@gmail.com,Monitor,2024-06-12,304.38,2781 Anthony Branch
911,lindsey.collier77@hotmail.com,Keyboard,2023-05-27,113.96,6472 Richard Hollow
912,ashley.lester83@hotmail.com,Desk Chair,2024-10-08,172.33,6081 Brian Coves
913,wendy@ortiz.com,Monitor,2023-08-05,321.84,696 Bennett Walks
914,heather.gomez49@yahoo.com,Webcam,2024-12-09,114.53,9606 Santana Brooks
915,joshua@walter.com,Webcam,2025-05-12,91.17,0993 Williams Trail Apt. 221
916,paige.perez@yahoo.com,Tablet,2023-09-19,756.01,377 Porter Parkways Suite 092
917,kelly.contreras98@hotmail.com,Monitor,2024-09-10,311.07,78012 Estrada Glens Suite 851
918,jasmine@pearson-morton.biz,Smartphone,2023-11-23,624.6,27471 Madison Brooks
919,JOHN32@WMAY@EXAMPLE.NET,Smartwatch,2025-03-04,193.6,408 Clayton Summit
920,danielle92@blackrichard@example.com,Mouse,2024-05-02,47.74,23714 Rodney Place
921,gregory.lopez@gmail.com,Headphones,2024-04-07,155.13,47478 Smith Cliffs
922,CHRISTY.BROWN@HOTMAIL.COM,Router,2023-08-27,162.74,056 Davis Knoll Apt. 641
923,robert@kemp.com,Gaming Console,2025-05-12,576.26,582 Holly Camp Suite 171
924,leonard.roberts92@yahoo.com,Gaming Console,2024-11-06,576.56,259 Green Common Apt. 404
925,karen.ochoa51@yahoo.com,Webcam,2023-12-11,64.62,74342 Moore Mountain
926,pwells@gmail.com,Desk Chair,2025-05-10,367.49,27120 Micheal Stravenue
927,michael34@tara70@example.com,Webcam,2024-08-31,119.58,5821 Matthew Common
928,ALLEN_RODRIGUEZ@GMAIL.COM,Router,2023-05-21,96.55,5216 Booker Knolls Apt. 313
929,RICHARD.WOOD50@HOTMAIL.COM,Laptop,2024-10-19,876.94,2531 Davis Cape
930,robert37@mcdonaldnicole@example.net,Printer,2023-08-14,319.15,97657 Bailey Track
931,mphillips@hotmail.com,Router,2023-11-05,234.61,97243 Mathews Locks
932,ALEXANDRA@PRICE.COM,Webcam,2024-10-17,91.32,3634 Guerrero Cliffs Apt. 405
933,meverett@yahoo.com,Keyboard,2023-07-01,108.81,700 Bradley Squares Apt. 714
934,amanda.burns22@hotmail.com,Smartwatch,2023-05-18,124.05,56939 Teresa Fields Apt. 840
935,mark_md@hotmail.com,Smartphone,2024-06-28,1130.1,20877 Richardson Radial Apt. 693
936,alexandra.gonzalez@hotmail.com,Smartphone,2024-11-07,816.13,294 Schmidt Islands
937,kristin_brown@hotmail.com,Smartwatch,2025-05-06,212.12,4503 Jimmy Light
938,christopher_mullins3@hotmail.com,USB Hub,2023-08-05,33.39,390 Williams Land
939,jessica63@vwalker@example.com,Mouse,2023-08-25,35.29,0935 Smith Alley
940,snelson@example.com,Webcam,2023-07-24,45.36,519 Wilson Lake Apt. 927
941,ryan.martin@gmail.com,Desk Chair,2024-02-26,226.47,606 Martin Forest Suite 744
942,karensantiago@example.net,Mouse,2024-06-10,70.02,14294 Watson Stream Suite 060
943,tsmith@gmail.com,Headphones,2023-11-03,190.68,8771 Archer Underpass
944,joshua.carson87@yahoo.com,Monitor,2024-01-08,171.65,39880 Derrick Pike
945,ashley.savage@gmail.com,Tablet,2023-06-18,327.56,908 Watson Summit
946,sierra.tanner84@hotmail.com,Software License,2024-11-12,278.05,65748 William Lights
947,ashley.scott@hotmail.com,Headphones,2025-05-12,84.49,559 Danielle Unions Suite 073
948,TERRI_NELSON41@GMAIL.COM,Laptop,2024-08-22,1016.69,8951 Harrell Well Suite 146
949,juan@foster.com,Tablet,2023-11-11,540.61,3466 Zimmerman Walks
950,pcraig@yahoo.com,Smartphone,2023-12-05,747.0,54506 Tara Dale
951,SALLYHUGHES@EXAMPLE.COM,Webcam,2025-03-25,110.51,20912 Martin Corner
952,john.raymond@gmail.com,Desk Chair,2023-06-19,295.6,6402 Winters Pass Apt. 325
953,david.greene30@gmail.com,Smartphone,2023-09-23,801.75,0856 Joshua Lodge
954,BERNARD39@NELSONDUANE@EXAMPLE.NET,Smartwatch,2023-11-30,224.84,77323 Hoover Keys Apt. 478
955,william3@grodriguez@example.org,Mouse,2023-09-18,23.27,0398 Mary Estate
956,brandon.stevenson@gmail.com,USB Hub,2024-07-14,29.48,51704 Aaron Estates Suite 529
957,alexander.crawford@gmail.com,Webcam,2023-11-16,115.57,68810 Christy Stream Apt. 419
958,xpittman@yahoo.com,Smartphone,2024-01-16,1027.36,20034 Brown Port
959,james@frye.com,Desk Chair,2023-10-05,313.29,29386 Jean Roads Suite 765
960,nicholas10@phoward@example.com,Mouse,2024-01-10,26.95,0757 Rios Bypass
961,SANDRA.ROBINSON@YAHOO.COM,Keyboard,2024-03-12,100.07,8094 Troy Courts
962,riley43@joannhudson@example.net,Monitor,2025-01-17,541.76,911 Danny Streets
963,kevin.trevino51@yahoo.com,Mouse,2023-08-03,17.69,23990 Julie Junctions Suite 397
964,JOSHUA.ROACH@GMAIL.COM,Smartphone,2024-11-01,971.02,232 Moore Green Suite 313
965,james@robinson.com,Headphones,2023-06-14,90.12,0555 Larry Curve
966,matthew.miller@yahoo.com,Router,2025-04-10,124.59,983 Stephanie Route Apt. 878
967,JON.POWELL@YAHOO.COM,Webcam,2025-05-02,109.09,5107 Johnson Crossroad Suite 758
968,kathryn@ramirez.com,Webcam,2024-08-23,70.51,678 Smith Harbors Apt. 981
969,shannon.vincent12@gmail.com,Gaming Console,2025-01-29,524.82,7475 Richardson Hills Apt. 793
970,allison45@timothy63@example.org,Software License,2025-03-15,462.45,530 Kristine Junctions
971,william.thomas67@hotmail.com,Router,2023-08-10,131.73,816 Teresa Parkways
972,adam@lee.org,Software License,2025-03-20,447.68,99936 Thomas Causeway
973,robert.warner8@hotmail.com,Gaming Console,2024-08-17,358.68,6772 Allison Drives Apt. 651
974,brian67@velasqueztravis@example.com,Mouse,2023-10-07,68.18,7941 Jeremy Mountains Suite 577
975,mphillips@hotmail.com,Keyboard,2025-02-03,143.37,80891 Aaron Isle
976,jasmine.tapia13@yahoo.com,Desk Chair,2024-12-09,307.49,16432 Pamela Lodge Apt. 169
977,jamie.benitez64@hotmail.com,Keyboard,2024-09-19,139.72,79291 Stephanie Way Suite 915
978,tsmith@gmail.com,Keyboard,2024-06-15,136.21,13831 Richardson Mall
979,BMIRANDA@GMAIL.COM,Laptop,2023-10-02,2435.15,197 John Forge Apt. 848
980,arnoldjeffrey@example.net,Printer,2025-01-21,324.16,1953 Nielsen Locks
981,jeff13@haley42@example.com,Printer,2024-09-10,244.71,639 Bennett Branch Apt. 208
982,megan.cobb@gmail.com,Laptop,2025-04-28,1981.53,60019 Dean Rest
983,crystal@lewis.com,Smartphone,2024-12-14,318.91,9862 Aaron Pike
984,todd.hooper@hotmail.com,Keyboard,2025-03-08,134.24,6089 Christopher Manors Suite 222
985,barbara.robinson@hotmail.com,External Hard Drive,2024-07-28,145.28,90932 Chandler Pass Apt. 391
986,ZACHARY.CURRY@HOTMAIL.COM,Software License,2023-12-22,437.94,937 Horton Park Suite 695
987,keith@anderson-ross.com,Laptop,2024-05-24,1929.8,62658 April Passage Apt. 031
988,james.russell@hotmail.com,Headphones,2023-07-01,74.25,377 Theresa Fork
989,jennifer.wong80@hotmail.com,Monitor,2025-02-06,506.3,60046 Michael Prairie
990,WTURNER@EXAMPLE.COM,External Hard Drive,2023-08-11,249.23,08128 Samuel Neck Suite 287
991,preston_miller18@hotmail.com,Tablet,2023-09-09,327.36,29728 Michael Meadow
992,eric41@terri48@example.net,Router,2025-02-21,143.34,6006 Berry Rest
993,BRITTANY29@EXAMPLE.ORG,Smartphone,2024-07-24,1163.99,4300 Weber Key Apt. 480
994,sarah.duncan52@gmail.com,Smartwatch,2025-01-09,105.53,16112 Billy Freeway Suite 868
995,patricia50@lowekevin@example.com,Laptop,2024-03-21,1331.94,7030 David Row
996,megan.kennedy@gmail.com,Smartphone,2024-01-24,966.65,82447 Angela Trail Apt. 774
997,dennis@clay-meyers.com,Headphones,2025-04-17,233.83,41342 Cole Stravenue Suite 546
998,david.rodriguez@yahoo.com,Mouse,2025-04-30,60.03,95141 Ryan Shoal Apt. 951
999,LANCE.LONG@YAHOO.COM,Router,2023-12-14,180.63,48309 Lee Island
1000,meganschneider@example.org,Desk Chair,2025-01-31,347.06,5299 Robinson Hills Suite 929
1001,matthewblair@example.net,Printer,2024-03-17,325.92,659 Harding Road
1002,alexandra@price.com,Keyboard,2024-04-13,142.08,57271 Jones Green
1003,jacob.gray@hotmail.com,Laptop,2024-07-29,2458.43,540 Tina Curve Suite 538
1004,kristy.sellers@gmail.com,Tablet,2024-05-24,337.8,10369 Paul Point
1005,FRANK_ROACH@GMAIL.COM,Tablet,2024-10-20,774.64,86086 Ewing Crest
1006,angela10@johnmacias@example.net,Webcam,2023-09-01,54.09,10894 Summers Place Suite 680
1007,AMY.STEWART67@HOTMAIL.COM,Router,2023-11-23,206.98,5747 Karen Brook
1008,nichole@myers.com,Monitor,2024-06-04,208.45,92635 Roberts Alley Apt. 544
1009,eugene.hines@yahoo.com,USB Hub,2023-12-24,34.35,9135 Amy Freeway Suite 140
1010,alyssa.mcgee71@yahoo.com,External Hard Drive,2023-12-03,158.88,4990 Owens Parkway
1011,richard55@barnesmichael@example.com,Keyboard,2024-07-01,33.1,19767 Wallace Mountain
1012,kenneth.cook58@hotmail.com,Monitor,2023-05-19,183.15,33940 Brenda Stream
1013,julie.brock@hotmail.com,USB Hub,2024-07-04,41.13,42990 Lee Knolls
1014,alowe@example.com,Desk Chair,2025-04-29,129.98,293 Steven Manors Suite 580
1015,michael48@katelyn96@example.org,USB Hub,2024-07-31,51.78,12825 Bolton Crest Suite 756
1016,melissa.mccoy2@gmail.com,Printer,2023-07-13,134.39,27832 Logan Union
1017,TANYA_HERRING@YAHOO.COM,USB Hub,2025-03-31,29.18,5806 Lee Spring Suite 214
1018,abenson@gmail.com,Keyboard,2024-09-04,79.28,27536 Teresa Ville
1019,dana.acosta66@yahoo.com,Software License,2023-07-07,324.51,29940 Randy Trail
1020,jesse.mack@hotmail.com,Desk Chair,2024-06-17,218.11,8850 Lamb Cape Apt. 264
1021,adrian89@richardspatricia@example.net,USB Hub,2023-09-12,26.99,688 Figueroa Ville Suite 566
1022,sonya@anderson-clark.com,Printer,2023-11-05,272.91,3485 Garrett Square Suite 404
1023,laura.fields81@hotmail.com,External Hard Drive,2024-05-15,243.75,145 Melissa Center
1024,michael45@kimberly99@example.com,Tablet,2023-10-20,550.06,14462 Washington Mountains
1025,timothy.young@hotmail.com,Laptop,2024-11-01,1626.48,22573 Cory Ferry
1026,kristy.sellers@gmail.com,Tablet,2024-08-23,384.43,99384 Stephanie Branch
1027,diana_saunders@hotmail.com,External Hard Drive,2023-07-13,144.6,4769 Rogers Islands Suite 636
1028,katrina12@katherine44@example.org,Mouse,2025-03-19,21.99,396 Santos Corners Suite 920
1029,james@hester.com,Tablet,2023-10-23,647.27,685 Jones Common Apt. 770
1030,diana_saunders@hotmail.com,Desk Chair,2023-09-22,365.13,6430 Grant Fork
1031,hannah.davis@gmail.com,Smartphone,2025-04-10,542.24,965 David Square
1032,brent.baldwin@gmail.com,External Hard Drive,2024-03-17,171.64,1162 Holly Plain Apt. 202
1033,richard_gonzales17@hotmail.com,Printer,2024-10-16,159.3,05318 Miller Place Suite 381
1034,lmosley@hotmail.com,Mouse,2023-07-17,17.58,45939 Weaver Road Suite 235
1035,SHANE@BLAKE-PATEL.COM,Gaming Console,2024-09-01,377.16,069 Arellano Villages Suite 971
1036,jessica.anderson43@yahoo.com,Headphones,2023-05-22,81.96,909 Benson Freeway
1037,edward.cox@hotmail.com,Keyboard,2025-02-06,136.28,595 Timothy Plaza
1038,robert.sellers@gmail.com,USB Hub,2024-10-21,20.29,354 Brewer Islands
1039,victoria5@robbinssean@example.net,Router,2024-07-19,182.48,34792 Smith Drives Suite 736
1040,brandon.stevenson@gmail.com,Smartwatch,2023-08-10,380.43,4567 Brooke Flats
1041,veronica.ortega@gmail.com,Desk Chair,2025-01-02,226.29,5283 Ortiz Divide Apt. 097
1042,sharon17@example.org,Router,2024-09-04,73.82,6710 Williams Rest
1043,michael.brown@gmail.com,Desk Chair,2023-09-09,117.42,831 Kelly Trace
1044,SHANE_WASHINGTON23@GMAIL.COM,Gaming Console,2025-05-09,365.93,204 Hannah Cape
1045,lori@lee.org,Laptop,2023-11-20,857.42,2398 Bowen Green Suite 061
1046,CHARLES53@ALLISON03@EXAMPLE.NET,Keyboard,2023-05-27,65.11,6107 Tate Terrace
1047,eric.moreno@yahoo.com,Printer,2023-09-04,269.35,5598 Traci Centers
1048,destiny_wyatt11@gmail.com,Keyboard,2024-08-21,117.82,285 Bradley Stream Suite 605
1049,robert.brown@hotmail.com,Smartwatch,2025-01-16,422.59,52028 Carroll Mall Suite 861
1050,xpittman@yahoo.com,Headphones,2023-09-24,60.31,34183 Nicholas Court
1051,ublair@example.net,Gaming Console,2025-01-12,356.08,53416 Lawrence Pass Suite 611
1052,jessica.stark87@gmail.com,Printer,2024-04-09,334.96,74002 Fox Ranch Suite 492
1053,barbara.wilson@hotmail.com,Desk Chair,2024-02-23,105.68,1430 Salazar Station
1054,blackwelljulie@example.org,Webcam,2024-10-17,119.99,98138 Jonathan Viaduct Suite 119
1055,john.owens@hotmail.com,Smartwatch,2024-03-10,104.27,840 Robin Common Apt. 058
1056,david.gardner@yahoo.com,Gaming Console,2024-04-10,503.23,47335 Hill Flat
1057,davidgarcia@example.org,Laptop,2023-11-28,1940.4,734 Huynh Manor Suite 701
1058,samantha.day@yahoo.com,Printer,2025-04-23,215.95,46983 Harold Highway Suite 662
1059,joshua.chapman80@gmail.com,Webcam,2024-09-02,67.76,24163 Laura Oval Suite 345
1060,stephen.young@hotmail.com,Router,2024-10-05,68.97,386 William Curve
1061,thomas42@example.com,USB Hub,2024-04-02,42.05,23220 Hernandez Street
1062,kelly.conner@gmail.com,Monitor,2025-01-22,286.4,60872 Andrew Port Suite 767
1063,tony.mcknight@gmail.com,Software License,2025-05-04,434.54,153 Angela Shoal Apt. 763
1064,shelley_hart50@gmail.com,Keyboard,2023-08-14,106.99,04840 Kayla Village Suite 737
1065,mary.rice96@gmail.com,Laptop,2024-09-18,2120.17,1828 Parker Meadow Apt. 969
1066,brittney.carroll@gmail.com,External Hard Drive,2025-01-09,248.5,9099 Daniel Lakes Suite 142
1067,adamtran@example.net,Laptop,2023-06-02,1206.92,261 Ryan Parks Apt. 128
1068,lisa.robinson86@gmail.com,Desk Chair,2023-12-27,243.54,39996 Hunter Cliffs
1069,jill@king-may.com,Gaming Console,2024-05-18,325.27,579 Hancock Islands Suite 093
1070,matthew52@example.com,Tablet,2024-02-13,560.37,946 Michael Camp Suite 902
1071,eric59@qgarcia@example.org,Smartwatch,2025-04-05,320.53,76965 Heather Underpass Apt. 039
1072,jgriffith@gmail.com,Desk Chair,2025-03-15,201.61,82456 Brooks Inlet
1073,joseph.bolton@hotmail.com,External Hard Drive,2024-01-13,144.25,758 Wallace Oval
1074,samuel.wolfe@gmail.com,Tablet,2023-09-01,292.48,389 Nicole Alley
1075,boydhannah@example.org,Laptop,2024-12-24,2402.69,0157 Graham Port Suite 740
1076,christy50@jenniferwagner@example.com,Webcam,2024-01-25,116.19,52045 Lisa Stravenue
1077,CYNTHIA.SCHWARTZ@HOTMAIL.COM,Webcam,2023-06-18,64.55,369 Castillo Center
1078,tyrone_reed13@yahoo.com,Laptop,2024-10-13,2078.19,8226 Jordan Forest
1079,charles_moran25@hotmail.com,Laptop,2024-10-16,1750.66,01955 Green Prairie
1080,hunter.davis@hotmail.com,External Hard Drive,2023-11-22,240.61,16879 Smith Coves
1081,wyatt.bradford33@gmail.com,Router,2023-08-04,102.95,22133 Thomas Mountain Suite 479
1082,bradley.thompson4@yahoo.com,Tablet,2023-07-29,767.77,76874 Kimberly Meadows Apt. 540
1083,steven.tucker16@gmail.com,External Hard Drive,2024-11-06,175.93,95552 Haley Squares
1084,dennis@clay-meyers.com,Smartwatch,2024-11-24,171.3,5466 Hawkins Meadows Suite 362
1085,monica_kelly@hotmail.com,Tablet,2025-01-23,456.77,346 Aaron Ridge
1086,tony.mcknight@gmail.com,Headphones,2024-05-14,286.77,6369 Anderson Mill
1087,robert.ramirez@hotmail.com,Mouse,2025-04-11,17.5,537 Matthew Well Apt. 474
1088,rebekah.myers@gmail.com,Gaming Console,2024-10-10,472.36,89348 Duncan Light Suite 067
1089,robert.smith@gmail.com,Headphones,2023-05-31,87.86,976 Rodriguez Forge Apt. 366
1090,cfigueroa@yahoo.com,Webcam,2024-11-14,49.37,89794 Erica Viaduct Apt. 876
1091,mary.hardin@hotmail.com,Smartwatch,2024-03-13,401.26,2895 Jennings Expressway Apt. 685
1092,angela63@andersonheather@example.org,External Hard Drive,2024-12-21,70.69,93312 Kelsey Trafficway
1093,jeremy7@jarednash@example.com,USB Hub,2024-11-04,35.47,206 Wade Orchard
1094,shawn@davis-lewis.com,Headphones,2024-05-16,89.19,3176 Andrew Plains
1095,gregory.brown98@gmail.com,Mouse,2023-08-16,63.89,55487 Bender Drive
1096,JULIE_CASTANEDA@GMAIL.COM,Router,2025-02-10,187.98,927 Mayo Valley
1097,MR..MATHIS88@YAHOO.COM,Smartphone,2023-08-06,822.23,98718 Fowler Spring Suite 183
1098,eric41@terri48@example.net,Gaming Console,2024-03-18,510.74,32968 Brown Point Apt. 200
1099,marissamaddox@example.org,External Hard Drive,2024-10-30,214.45,7172 Torres Dale Apt. 339
1100,dean.miller@yahoo.com,Desk Chair,2023-10-24,103.07,94401 Mckee Island
1101,mary@steele.biz,Keyboard,2024-05-16,134.4,8355 Daniel Creek
1102,leslie.howell@yahoo.com,Laptop,2024-07-24,2009.28,745 Heather Walks
1103,mark.moreno@yahoo.com,Keyboard,2025-01-08,124.13,3236 Guy Wells Suite 699
1104,janice.maxwell@gmail.com,Webcam,2024-11-02,57.9,944 Paula Port
1105,kcombs@gmail.com,Tablet,2024-04-28,531.92,27331 Williams Valleys
1106,james62@davisbenjamin@example.net,Keyboard,2025-02-27,89.27,0310 Nicholas Point
1107,james@sandoval-rivera.net,USB Hub,2025-04-06,46.78,4331 Campbell Inlet Suite 454
1108,sarah.ruiz@hotmail.com,Smartphone,2024-10-17,806.86,9096 Brown Ridges
1109,diana_saunders@hotmail.com,Webcam,2023-06-29,98.33,218 Bryan Underpass Suite 949
1110,rachael@delacruz.com,Gaming Console,2023-09-30,586.11,3396 Carrie Views Suite 098
1111,katrina.mullins16@yahoo.com,USB Hub,2025-03-30,45.58,77253 Dale Loop Suite 681
1112,dfoley@yahoo.com,USB Hub,2025-03-31,59.2,2076 Ronald Vista Suite 226
1113,ryan@green.com,Monitor,2023-12-29,420.98,944 Young Ferry
1114,tamarawilliams@example.com,Mouse,2024-11-22,16.13,5625 Taylor Village
1115,alyssa70@lisabautista@example.org,Smartphone,2024-05-09,790.36,16953 Shannon Ridges Apt. 434
1116,kimberly@mendez.net,Monitor,2024-04-08,340.76,397 Alyssa Underpass
1117,ROBERT37@MCDONALDNICOLE@EXAMPLE.NET,Printer,2023-06-14,132.18,2650 Sanchez Pines Apt. 420
1118,jon.turner@gmail.com,Desk Chair,2024-01-31,286.36,659 Mullins Isle Apt. 631
1119,brenda@morales-smith.com,Router,2025-04-13,93.42,84951 Lam Fields Apt. 891
1120,donna.martin88@hotmail.com,Mouse,2024-10-14,70.05,754 Diaz Tunnel Apt. 611
1121,dgreen@gmail.com,Tablet,2023-11-25,544.83,459 Green Hills Apt. 651
1122,barbara@clarke.org,Headphones,2024-11-07,225.79,562 Cabrera Haven
1123,jclarke@hotmail.com,Monitor,2024-04-27,427.44,24962 Banks Way Suite 537
1124,mary.quinn@gmail.com,Webcam,2024-07-07,59.95,43158 Romero Square
1125,christopher_garcia36@gmail.com,Desk Chair,2023-12-26,227.62,13969 Leach Tunnel
1126,rachel.ashley45@gmail.com,Software License,2024-10-30,160.63,0707 Robertson Greens Apt. 733
1127,laura@clark.net,Smartwatch,2024-09-09,144.89,91559 Smith Garden
1128,davidgarcia@example.org,Headphones,2024-10-09,77.61,0468 Pamela Brook
1129,natasha1@jesse15@example.com,Desk Chair,2024-04-08,284.62,9964 Michael Fords Apt. 662
1130,scott_mora@gmail.com,Gaming Console,2024-08-03,326.83,59811 Meadows Pass Suite 275
1131,daniel22@kennethrogers@example.net,Keyboard,2023-11-07,78.85,646 Peterson Meadow
1132,vincent43@matthewnguyen@example.net,Tablet,2025-04-13,674.92,732 Paul Radial Suite 501
1133,fquinn@hotmail.com,USB Hub,2025-03-03,39.99,873 Jackson Court
1134,goodwindanielle@example.com,USB Hub,2023-08-21,43.48,6830 Davis Rapids
1135,scott_hernandez20@gmail.com,Software License,2023-07-02,162.2,51265 Jonathan Neck
1136,CHRISTOPHER.BUTLER88@HOTMAIL.COM,Printer,2025-02-28,352.35,68756 Harvey Hollow
1137,brian.schwartz@yahoo.com,Headphones,2024-12-21,87.74,099 Bennett Rue Apt. 443
1138,jessica.phillips77@yahoo.com,Printer,2024-11-08,379.77,3295 Solis Circles
1139,erica04@example.org,Router,2024-07-13,88.29,4560 White Ridge
1140,monica_kelly@hotmail.com,Tablet,2023-05-26,602.95,5504 Anthony Turnpike Suite 117
1141,brian.brown@gmail.com,Software License,2024-02-02,203.22,54010 Chaney Corner
1142,joseph.bolton@hotmail.com,Smartwatch,2023-11-27,234.93,22960 Peter Dale Suite 338
1143,jphillips@gmail.com,Laptop,2023-10-05,2271.32,85214 Jimmy Burg
1144,bradfordbrian@example.net,Smartphone,2024-08-31,891.58,3487 Rhonda Causeway Suite 963
1145,jessica.evans1@gmail.com,Mouse,2023-09-04,22.37,33273 Cline Inlet Suite 408
1146,edward.huang95@hotmail.com,Desk Chair,2024-10-10,289.9,141 Shaw Club
1147,dean.miller@yahoo.com,Headphones,2023-12-24,267.41,21867 Herring Courts Suite 560
1148,jwalker@gmail.com,Mouse,2024-08-20,39.23,063 Matthew Rue Suite 706
1149,jessica.york@gmail.com,Headphones,2023-11-02,268.52,7980 Tanner Point
1150,eric.fleming34@hotmail.com,Desk Chair,2024-09-09,219.63,201 Emma Hills Suite 805
1151,stephen.watson64@yahoo.com,USB Hub,2024-09-21,50.57,85422 Branch Orchard Suite 260
1152,dennis.flores37@hotmail.com,Desk Chair,2025-04-16,311.26,7511 Jones Neck
1153,david.bartlett@gmail.com,Printer,2023-06-29,340.04,7543 Joshua Pines Suite 559
1154,kenneth.morrison@gmail.com,Printer,2025-02-18,91.11,97620 Tommy Rapids Suite 552
1155,bobby.diaz95@hotmail.com,Smartphone,2024-12-17,856.65,6849 Dixon Ports
1156,donna.thompson@yahoo.com,Smartwatch,2023-09-25,148.45,0585 Jackson Prairie Apt. 508
1157,bobby_fernandez@yahoo.com,Tablet,2023-11-20,547.7,3478 Julie Dale Apt. 535
1158,zachary@parker-reed.com,Keyboard,2023-07-04,133.5,185 Peterson Springs Suite 796
1159,wturner@example.com,External Hard Drive,2024-12-28,145.15,8699 Navarro Keys
1160,mphillips@hotmail.com,External Hard Drive,2025-03-16,114.37,7754 Mary Canyon
1161,rodriguezmargaret@example.com,Gaming Console,2024-03-11,300.01,7960 Sanders Place
1162,kathleen@williams-lucero.com,Mouse,2024-11-30,19.04,1800 Warren Street Apt. 848
1163,TAYLOR70@EXAMPLE.COM,External Hard Drive,2024-09-18,120.88,9244 Miller Parks Apt. 507
1164,BRYAN@SANCHEZ.COM,Software License,2025-03-02,493.68,9170 Hunt Plaza
1165,christie.fry79@gmail.com,Desk Chair,2025-03-20,110.82,7054 Marshall Villages
1166,BRANDY53@SANDERSLAURIE@EXAMPLE.NET,Router,2023-09-20,144.33,841 Elliott Field
1167,jasonmills@example.com,Webcam,2024-09-25,43.2,2224 Nicholas Groves
1168,wturner@example.com,USB Hub,2023-09-18,34.59,31436 Noah Ports
1169,brandon.stevenson@gmail.com,Smartwatch,2023-06-17,159.86,7342 Smith Squares Apt. 618
1170,john32@wmay@example.net,Monitor,2023-05-18,225.69,03062 Daniel Plain
1171,anthony_king37@gmail.com,Router,2024-11-09,94.04,5924 Francisco Squares
1172,christine@brewer-richards.com,Smartphone,2024-08-18,303.09,253 Randy Common Suite 700
1173,andrew.osborne78@yahoo.com,Gaming Console,2025-03-09,371.11,4966 Dean Row Apt. 218
1174,CHRISTINA_TAYLOR11@HOTMAIL.COM,Printer,2024-10-27,82.28,396 Stacy Plain Suite 708
1175,rebekah.myers@gmail.com,Desk Chair,2024-05-31,110.53,248 Jason Prairie Apt. 789
1176,brian_brown9@hotmail.com,Router,2023-09-23,152.0,68098 Benjamin Neck Suite 567
1177,roy_myers@yahoo.com,Gaming Console,2023-12-08,381.12,4883 Case Roads Suite 253
1178,jessica.krueger@yahoo.com,External Hard Drive,2025-02-07,211.38,667 Young Mountains Apt. 353
1179,cynthia.schwartz@hotmail.com,Headphones,2025-05-02,215.53,564 Bryan Summit Apt. 950
1180,stephen.ellis62@hotmail.com,Desk Chair,2023-05-19,129.59,22257 Scott Port Apt. 502
1181,mitchell.cole71@gmail.com,Printer,2023-09-14,221.32,6453 Schmitt Valleys
1182,jeffrey.joseph44@hotmail.com,Smartwatch,2023-06-02,428.52,01527 Katherine Shore
1183,robert.smith@gmail.com,Webcam,2024-06-23,99.83,937 Wright Junctions
1184,daniel09@example.net,USB Hub,2023-12-18,38.13,9020 Lisa Underpass
1185,sharon48@example.org,Printer,2024-08-30,114.58,24052 Moyer Loaf Apt. 432
1186,megan.cobb@gmail.com,Smartwatch,2024-02-15,336.55,472 Julie Pines
1187,samantha20@cassandra46@example.net,Router,2025-01-07,92.78,888 Matthew Oval Apt. 063
1188,owenscolleen@example.org,Router,2023-05-27,155.58,176 Amanda Pike Suite 855
1189,jlittle@hotmail.com,Keyboard,2024-08-13,46.0,05021 Suarez Spur
1190,jburns@hotmail.com,Software License,2023-12-27,491.78,5422 Brown Streets
1191,eileen.colon@yahoo.com,Webcam,2024-07-31,64.09,81734 Gordon Rest Apt. 170
1192,cristina@cooper.com,External Hard Drive,2023-06-05,126.62,6925 Young Mill
1193,KRISTINA.FERGUSON25@GMAIL.COM,Headphones,2025-03-11,256.05,923 Vernon Prairie Apt. 263
1194,ryan@thompson.org,Laptop,2023-09-30,1021.68,31379 Stephen Rest Apt. 606
1195,kristin.williams9@gmail.com,Laptop,2023-06-23,1478.53,330 Black Mall
1196,ehardin@example.org,Webcam,2023-09-21,68.56,259 Flowers Drive
1197,george@morgan.biz,Smartphone,2024-06-13,807.49,29665 Lee Valley
1198,jjenkins@hotmail.com,External Hard Drive,2023-12-04,177.58,1992 Michael Freeway
1199,christopher.myers@gmail.com,Gaming Console,2023-09-06,569.08,73817 Tricia Garden
1200,MFISHER@GMAIL.COM,Mouse,2023-07-15,57.64,4914 Fischer Ways Suite 497
1201,hector.williams@hotmail.com,Smartwatch,2023-07-10,379.05,02865 Cervantes Extension Suite 370
1202,heather82@breyes@example.com,Software License,2023-12-19,132.32,369 John Coves
1203,james@wood.com,Desk Chair,2024-12-28,206.36,0447 Stephen Stream
1204,katie.chen64@yahoo.com,Headphones,2024-11-06,105.93,8001 Brittany Passage
1205,farmerkelsey@example.org,Headphones,2023-12-28,61.03,47373 Kim Lodge Suite 408
1206,jeanne.ochoa45@gmail.com,Mouse,2024-04-16,15.74,386 Rebekah Mount Apt. 147
1207,krista.myers51@gmail.com,Router,2023-09-11,137.45,4135 Jesse Village Apt. 283
1208,jordan.barajas88@gmail.com,Tablet,2023-12-09,597.1,4595 Day Glen Suite 153
1209,brenda_harmon22@gmail.com,Smartwatch,2025-03-01,434.58,914 Susan Grove
1210,kevin.moreno@hotmail.com,Router,2024-03-20,223.77,00292 Donovan Mountain
1211,JOHN@REYES.COM,Tablet,2024-01-13,751.24,485 Matthew Vista Suite 067
1212,joshua_flores@hotmail.com,Monitor,2024-07-15,527.55,0631 Porter Point Suite 222
1213,KAREN.COOK81@HOTMAIL.COM,Software License,2025-02-12,305.93,55466 Odom Center
1214,christopher87@bryantalex@example.org,External Hard Drive,2024-07-08,138.33,34549 Vanessa Stream
1215,krodriguez@hotmail.com,Tablet,2024-11-30,591.0,920 Kevin Turnpike
1216,hannah.brown@hotmail.com,Laptop,2024-11-12,1351.56,457 Brandon Corner Apt. 701
1217,maureen.olson@hotmail.com,External Hard Drive,2025-01-08,214.0,4252 Moore Mews
1218,william.stokes@hotmail.com,Printer,2024-05-04,271.07,4418 Harper Parks Suite 901
1219,phillip@ray.com,Tablet,2025-03-26,574.64,2569 Houston Springs
1220,william15@arivera@example.org,Gaming Console,2024-09-12,344.42,15887 Michael View Suite 469
1221,taylor70@example.com,External Hard Drive,2025-04-07,193.45,2041 Rivera River
1222,raymond3@vvega@example.com,Monitor,2023-12-24,170.98,76664 Sullivan Stream
1223,victor@hernandez-flores.com,Headphones,2023-09-13,106.32,9180 Martinez Courts
1224,mr._mcgee20@hotmail.com,Printer,2025-04-29,135.81,1613 Watson Extensions Suite 175
1225,christopher87@bryantalex@example.org,Headphones,2024-05-26,106.74,10148 Carrie Row
1226,ryan18@jensenmeghan@example.net,Router,2024-05-08,115.13,014 Amanda Dam
1227,chad.ramos39@gmail.com,USB Hub,2024-09-13,21.41,2864 Jessica Hills
1228,troy_ward13@yahoo.com,Gaming Console,2024-08-30,587.54,31051 Andrew Lake Suite 119
1229,jessica63@vwalker@example.com,Mouse,2024-09-20,41.79,8884 Lowe Shores
1230,heather82@breyes@example.com,Laptop,2024-11-21,1364.35,5467 Clements Field Apt. 217
1231,peter.gardner32@yahoo.com,Desk Chair,2024-01-25,291.38,8198 Ramos Drives
1232,ahughes@hotmail.com,USB Hub,2025-03-19,41.14,71306 Kimberly Expressway
1233,jessica63@vwalker@example.com,USB Hub,2023-08-23,46.16,3511 Aaron Fords
1234,richard_gonzales17@hotmail.com,External Hard Drive,2025-03-25,192.77,25316 Johnson Road
1235,sharon17@example.org,Headphones,2023-07-19,110.57,71003 James Haven
1236,lauren_newton@hotmail.com,Smartwatch,2024-02-22,281.98,081 Vaughn Squares Suite 222
1237,claire@sharp.net,Smartphone,2025-03-27,602.3,467 Hicks Stravenue Apt. 751
1238,kyle.king12@gmail.com,Smartphone,2024-09-27,1102.82,4283 Christian Shore Apt. 061
1239,RONALD.JONES@YAHOO.COM,Smartwatch,2024-11-15,171.15,2187 Robert Spur Suite 488
1240,ajordan@gmail.com,Monitor,2023-08-21,370.32,230 Jeffrey Curve
1241,daniel.jones66@hotmail.com,Mouse,2024-07-22,72.62,1756 Jerry Orchard
1242,bryan@sanchez.com,Gaming Console,2024-08-19,471.99,005 Erin Land
1243,bradfordbrian@example.net,External Hard Drive,2023-10-30,215.82,717 Burgess Unions Apt. 109
1244,shawna.tapia14@yahoo.com,Smartphone,2024-04-28,929.2,865 Chad Field Apt. 702
1245,slopez@yahoo.com,USB Hub,2024-09-05,50.48,3239 Stevens Roads
1246,amy85@ydrake@example.com,Laptop,2025-05-11,925.64,26079 Bennett Plains
1247,andrew_perkins18@gmail.com,Monitor,2023-06-30,496.7,3147 Thomas Forks
1248,ABIGAIL.RAMIREZ@HOTMAIL.COM,Smartwatch,2024-06-27,407.54,08157 Burke Street Suite 040
1249,mark43@mgrimes@example.org,Tablet,2023-12-04,472.57,2994 Hanna Gardens
1250,michael45@kimberly99@example.com,Router,2024-04-29,61.11,43128 Goodman Views
1251,ANNA.TAYLOR87@HOTMAIL.COM,Mouse,2023-05-18,58.57,55671 Oscar Street
1252,barbara.mitchell28@gmail.com,USB Hub,2025-04-13,21.07,32825 Lee Roads
1253,jonathan.perkins26@gmail.com,Mouse,2025-05-07,59.7,411 Watson Tunnel
1254,BRIAN@PERKINS-GIBSON.COM,Desk Chair,2024-12-23,254.19,9128 Jane Valley Apt. 387
1255,lindsey.hartman85@gmail.com,External Hard Drive,2024-08-29,234.56,569 Long Cove
1256,amanda67@shawna96@example.net,External Hard Drive,2025-01-24,230.12,13022 Beverly Islands Apt. 294
1257,alexander59@tamiclark@example.net,Software License,2023-06-02,215.03,109 Norton Views Apt. 483
1258,joshua.gibson96@hotmail.com,Mouse,2024-03-26,30.66,95282 Jennings Ridges
1259,anne.vasquez67@gmail.com,USB Hub,2023-12-05,49.09,08099 Martin Shores
1260,john.thompson41@gmail.com,USB Hub,2024-03-05,39.05,91915 Amy Drive Apt. 102
1261,jacob@brown.com,Laptop,2023-11-29,2298.25,6314 Bailey Forges Apt. 472
1262,jacob.rose13@yahoo.com,Mouse,2024-05-22,27.73,64917 Ramos Overpass Suite 293
1263,doris.cook22@yahoo.com,Gaming Console,2023-07-18,476.76,094 Lucas Track Apt. 042
1264,larry28@jeffreywatkins@example.net,Keyboard,2025-03-19,69.13,7645 Owens Lakes
1265,patrick97@robert38@example.com,Headphones,2024-11-04,67.27,17312 Johnson Key Apt. 261
1266,MR..BALLARD51@GMAIL.COM,Headphones,2024-03-08,189.79,605 Maynard Wall Apt. 564
1267,kjackson@yahoo.com,Monitor,2024-03-02,212.07,586 Christopher Flats Apt. 792
1268,snelson@example.com,Router,2023-06-11,132.81,28443 Donald Turnpike
1269,john32@wmay@example.net,Software License,2024-09-11,139.99,5241 Wilson Brooks Apt. 744
1270,KATRINA82@EXAMPLE.NET,Software License,2025-04-09,393.87,462 Sarah Junctions Suite 459
1271,matthew.cook@yahoo.com,Router,2024-12-24,243.93,317 Johnson Landing
1272,beverly.hernandez87@gmail.com,Printer,2023-07-23,319.4,417 Patrick Bridge Suite 458
1273,scott_hernandez20@gmail.com,Smartphone,2023-08-24,462.39,884 Samantha Light
1274,tina.rice94@yahoo.com,Headphones,2025-04-10,163.04,4933 Wilcox Lane
1275,dean.miller@yahoo.com,Smartwatch,2025-01-21,126.8,583 Hammond Port Suite 814
1276,mr.@becker.com,Smartwatch,2024-09-08,317.53,3750 Schmidt Via Apt. 188
1277,pbrown@gmail.com,Software License,2024-03-15,295.82,466 Nolan Ville Apt. 048
1278,jennifer.estrada84@yahoo.com,Webcam,2023-07-07,115.46,58075 Donna Court
1279,james62@davisbenjamin@example.net,Webcam,2023-08-12,79.4,102 Smith Station
1280,angela34@sullivankimberly@example.com,Mouse,2024-12-04,46.52,7869 Carl Garden Apt. 037
1281,kelly99@ryan27@example.org,Keyboard,2025-02-22,56.54,7487 Anthony Knolls Suite 733
1282,julie73@ibrooks@example.net,Headphones,2025-05-09,114.57,006 Wagner Mountains
1283,dmann@example.net,Printer,2024-09-14,285.33,58611 Molina Summit
1284,michael83@johnsonchristian@example.com,Webcam,2023-07-15,36.65,791 Thompson Ridge
1285,christopher.vazquez@hotmail.com,USB Hub,2024-10-09,41.09,625 Johnson Coves
1286,john32@wmay@example.net,Smartwatch,2025-04-10,166.36,1199 Smith Mills Apt. 922
1287,jeremy.johnson@gmail.com,Smartwatch,2025-03-16,107.04,4708 Catherine Divide
1288,jeffrey39@amysmith@example.com,Keyboard,2023-09-14,136.0,6227 Cohen Corners
1289,timothy.young@hotmail.com,Laptop,2025-03-27,2090.85,450 Clark Field Apt. 235
1290,megan.johnson12@yahoo.com,USB Hub,2024-09-15,32.51,211 Hardy Motorway
1291,joshua.phd8@gmail.com,Mouse,2023-11-18,73.13,94944 Cynthia Drive Apt. 909
1292,matthewblair@example.net,Smartphone,2025-01-29,499.45,664 Stacey Run Suite 293
1293,cody.little22@gmail.com,Mouse,2024-09-13,21.01,442 Brenda Points
1294,LISAWALTERS@EXAMPLE.NET,Headphones,2023-12-19,207.36,81409 Lindsey Throughway Suite 684
1295,emurphy@hotmail.com,Printer,2023-09-29,365.73,3512 Waters Corner Suite 099
1296,steven.williams@hotmail.com,Smartphone,2024-01-07,598.59,954 Tommy Neck
1297,john24@pamela73@example.com,Tablet,2025-01-26,442.78,836 Rodriguez Inlet
1298,LISA.DAWSON77@YAHOO.COM,Smartwatch,2023-05-30,100.62,81875 Mark Lights
1299,hannah.davis@gmail.com,Smartphone,2025-05-16,817.74,533 Alexander Extensions Apt. 341
1300,drew@petty.com,Smartwatch,2025-01-27,428.11,177 Daryl Knolls Suite 625
