session_id,user_email,page_visited,visit_timestamp,time_spent_seconds
S1,john.doe@example.com,/products/laptop,2023-04-20 10:00:00,120
S2,JANE.SMITH@EXAMPLE.COM,/homepage,2023-04-22 11:00:00,60
S3,john.doe@example.com,/cart,2023-04-20 10:02:00,180
S16967,angelasmith@example.org,/products/item/1932,2024-11-18 21:09:11,475
S16967,ANGELASMITH@EXAMPLE.ORG,/homepage,2025-03-30 16:56:01,233
S16967,angelasmith@example.org,/signup,2025-05-13 18:06:12,443
S16970,laura.marshall@yahoo.com,/account/orders,2024-07-15 22:02:32,340
S16971,laura.marshall@yahoo.com,/account/orders,2024-07-04 11:09:25,572
S16972,kristin.moore@yahoo.com,/products/category/books,2024-09-12 19:29:16,364
S16973,melissa.dds49@hotmail.com,/blog,2025-02-21 22:12:02,309
S16979,melissa.dds49@hotmail.com,/about-us,2025-03-28 19:44:30,82
S16975,swilliamson@gmail.com,/products/item/4372,2024-06-22 11:23:17,46
S16975,swilliamson@gmail.com,/blog/article/293,2024-12-29 15:54:01,385
S16992,swilliamson@gmail.com,/products/item/3384,2024-08-31 08:24:09,541
S16977,swilliamson@gmail.com,/checkout,2025-04-12 19:44:49,140
S16979,jared.diaz32@gmail.com,/blog,2024-12-01 05:01:47,589
S16973,jared.diaz32@gmail.com,/products,2025-02-04 15:43:41,298
S16976,jared.diaz32@gmail.com,/account/orders,2025-03-15 06:11:43,258
S16982,justin@spencer.com,/products/category/electronics,2024-11-22 07:42:47,501
S16983,william.rodriguez57@gmail.com,/products/category/electronics,2025-01-12 01:02:47,390
S16987,william.rodriguez57@gmail.com,/search?q=hour+such,2024-07-18 22:41:18,67
S16979,william.rodriguez57@gmail.com,/homepage,2025-03-23 09:19:58,29
S16979,william.rodriguez57@gmail.com,/search?q=month+color,2024-11-08 14:54:10,425
S16987,stephanie40@stantonmichael@example.net,/products/category/electronics,2024-11-14 17:05:43,223
S16988,jjohnson@yahoo.com,/blog,2024-10-08 03:07:47,360
S16989,veronica.floyd31@hotmail.com,/account/profile,2024-12-26 03:28:04,415
S16987,veronica.floyd31@hotmail.com,/contact-us,2024-08-13 00:42:57,266
S16999,veronica.floyd31@hotmail.com,/login,2024-09-23 05:15:19,518
S16992,kristina.ferguson25@gmail.com,/search?q=including+approach,2024-07-16 17:05:51,423
S16979,kristina.ferguson25@gmail.com,/checkout,2024-05-19 01:03:01,595
S17032,kristina.ferguson25@gmail.com,/contact-us,2024-09-21 10:10:40,148
S16995,regina.russell@gmail.com,/blog/article/329,2024-07-06 20:50:11,47
S16982,regina.russell@gmail.com,/login,2024-06-09 11:51:46,214
S16997,christina.oconnor25@hotmail.com,/cart,2024-12-31 18:18:10,504
S17017,christina.oconnor25@hotmail.com,/products,2024-06-21 03:57:02,102
S16999,ashley.maddox@hotmail.com,/blog/article/130,2024-08-08 18:01:19,550
S17000,lisa.moss@hotmail.com,/products/item/7504,2024-05-17 04:42:41,282
S17000,lisa.moss@hotmail.com,/account/orders,2025-04-11 08:21:46,436
S16988,lisa.moss@hotmail.com,/blog/article/281,2024-06-16 19:18:38,293
S17003,christopher.sawyer84@hotmail.com,/signup,2024-11-04 13:14:30,13
S17057,christopher.sawyer84@hotmail.com,/search?q=however+from,2024-12-12 19:48:19,276
S16981,christopher.sawyer84@hotmail.com,/products/category/books,2024-09-01 21:18:45,238
S17043,christopher.sawyer84@hotmail.com,/blog/article/280,2025-04-06 02:26:40,160
S17007,jeffrey39@amysmith@example.com,/checkout,2024-09-30 13:30:00,88
S17017,jeffrey39@amysmith@example.com,/products/category/electronics,2024-10-20 01:50:52,539
S17009,doris.cook22@yahoo.com,/products,2024-11-16 13:19:29,438
S17037,doris.cook22@yahoo.com,/cart,2024-07-13 16:09:32,550
S17011,kathleen.graham65@gmail.com,/blog/article/98,2024-10-04 01:50:55,519
S17055,kathleen.graham65@gmail.com,/signup,2025-02-25 12:23:02,214
S17059,kathleen.graham65@gmail.com,/contact-us,2025-01-09 15:34:00,202
S17012,kathleen.graham65@gmail.com,/search?q=finally+network,2024-11-27 16:44:53,219
S17015,laura.fields81@hotmail.com,/support,2025-04-26 19:57:04,69
S16991,laura.fields81@hotmail.com,/checkout,2024-10-02 18:58:55,288
S17027,laura.fields81@hotmail.com,/login,2024-07-26 14:29:20,322
S17052,laura.fields81@hotmail.com,/account/profile,2024-10-24 10:27:40,496
S17019,eric41@terri48@example.net,/blog,2025-05-01 08:36:53,293
S17032,eric41@terri48@example.net,/faq,2025-04-25 19:33:32,399
S17021,tyler9@jade48@example.org,/checkout,2025-04-16 12:44:21,240
S17022,phyllis.kim85@yahoo.com,/products/item/4096,2024-05-25 18:14:48,157
S17023,gary.edwards46@gmail.com,/products/category/electronics,2025-03-05 21:33:10,396
S17011,gary.edwards46@gmail.com,/products/category/electronics,2025-03-16 01:44:17,537
S17025,regina_vance@yahoo.com,/blog/article/171,2025-03-24 23:11:35,401
S16995,regina_vance@yahoo.com,/login,2024-10-13 23:05:10,253
S17027,simmonsdwayne@example.org,/products/item/1728,2024-10-18 16:59:31,141
S17057,SIMMONSDWAYNE@EXAMPLE.ORG,/about-us,2024-11-20 17:14:19,384
S17047,simmonsdwayne@example.org,/signup,2025-01-14 11:44:30,323
S17122,simmonsdwayne@example.org,/contact-us,2024-11-28 06:45:05,539
S17030,simmonsdwayne@example.org,/cart,2025-04-18 06:08:24,577
S17031,simmonsdwayne@example.org,/cart,2024-11-06 00:08:56,553
S17033,mr..floyd@gmail.com,/login,2024-05-31 06:12:04,287
S17015,MR..FLOYD@GMAIL.COM,/products/category/books,2024-07-23 16:18:47,129
S17035,brian.johnson@hotmail.com,/products/category/books,2024-11-16 20:00:39,40
S17082,brian.johnson@hotmail.com,/products/item/2177,2025-02-07 13:06:24,438
S17107,BRIAN.JOHNSON@HOTMAIL.COM,/login,2024-09-05 04:48:02,591
S17018,brian.johnson@hotmail.com,/account/profile,2025-05-12 11:41:57,78
S17111,brian.johnson@hotmail.com,/account/orders,2025-04-09 10:26:39,461
S16995,brian.johnson@hotmail.com,/faq,2024-12-29 13:56:13,502
S17115,brian.johnson@hotmail.com,/checkout,2024-07-05 06:56:54,274
S17152,brian.johnson@hotmail.com,/checkout,2024-10-18 16:30:22,581
S17043,amber.williams76@gmail.com,/contact-us,2024-09-29 04:38:52,242
S17043,amber.williams76@gmail.com,/contact-us,2024-09-25 19:09:59,572
S17162,amber.williams76@gmail.com,/account/profile,2024-09-22 02:26:10,200
S17123,amber.williams76@gmail.com,/account/profile,2024-10-04 02:24:04,357
S17047,monica.thompson51@yahoo.com,/homepage,2024-06-29 08:23:26,22
S17048,monica.thompson51@yahoo.com,/account/profile,2024-12-28 15:14:39,367
S17015,monica.thompson51@yahoo.com,/about-us,2024-07-08 08:25:19,105
S16999,monica.thompson51@yahoo.com,/faq,2024-07-24 04:21:15,367
S17051,mwhite@hotmail.com,/signup,2025-01-14 17:16:10,321
S17035,mwhite@hotmail.com,/products/item/4685,2024-10-30 21:08:54,347
S17023,mwhite@hotmail.com,/contact-us,2025-01-22 12:12:56,31
S17072,mwhite@hotmail.com,/faq,2025-01-08 15:12:17,501
S17055,keith@anderson-ross.com,/blog/article/104,2024-12-24 18:49:39,332
S17054,keith@anderson-ross.com,/login,2025-03-10 17:45:03,85
S17057,jennifer.md94@yahoo.com,/about-us,2025-02-13 12:25:36,479
S17003,jennifer.md94@yahoo.com,/products/category/electronics,2024-06-29 03:37:22,592
S17059,robert.gonzalez47@gmail.com,/cart,2025-02-24 17:31:11,352
S17082,robert.gonzalez47@gmail.com,/blog,2024-07-25 22:44:36,32
S17122,robert.gonzalez47@gmail.com,/checkout,2024-05-26 22:25:10,279
S17036,robert.gonzalez47@gmail.com,/faq,2025-03-02 23:35:43,26
S17063,michael34@tara70@example.com,/cart,2025-04-13 03:06:30,355
S17015,michael34@tara70@example.com,/blog/article/86,2025-04-18 15:47:27,508
S17065,benjamin.hinton85@yahoo.com,/products/category/books,2024-09-25 19:01:37,21
S17039,benjamin.hinton85@yahoo.com,/about-us,2024-11-03 08:47:13,581
S17067,erik.kidd44@yahoo.com,/about-us,2024-10-09 21:23:50,214
S17217,erik.kidd44@yahoo.com,/account/profile,2025-01-10 12:37:04,540
S17137,erik.kidd44@yahoo.com,/products/item/1330,2024-07-31 14:30:32,348
S17069,erik.kidd44@yahoo.com,/signup,2024-10-16 22:30:02,298
S17071,jharding@gmail.com,/blog/article/440,2024-12-26 09:36:42,444
S17227,jharding@gmail.com,/login,2025-03-09 00:45:13,409
S17073,zrodriguez@example.org,/signup,2024-09-05 15:11:07,95
S17073,zrodriguez@example.org,/support,2024-07-17 06:13:54,232
S17075,eric60@kevinflores@example.net,/about-us,2024-12-20 09:49:31,505
S17030,eric60@kevinflores@example.net,/login,2024-07-17 21:14:09,182
S17077,BCOLLINS@YAHOO.COM,/signup,2025-03-20 18:58:19,211
S17077,bcollins@yahoo.com,/login,2024-11-10 23:18:57,481
S17079,andrea.smith19@yahoo.com,/blog,2024-09-02 09:33:39,47
S17247,andrea.smith19@yahoo.com,/search?q=upon+sort,2025-04-24 08:58:43,585
S17081,,/login,2024-11-01 02:18:15,89
S17082,laura20@wosborne@example.net,/blog/article/127,2025-01-07 23:22:39,126
S17013,laura20@wosborne@example.net,/support,2024-09-22 14:36:54,431
S17084,victor@hernandez-flores.com,/account/profile,2025-01-18 19:13:23,109
S17085,victor@hernandez-flores.com,/products/category/books,2024-07-27 22:14:49,426
S17025,victor@hernandez-flores.com,/search?q=people+to,2024-06-13 09:40:21,288
S17087,raymond.sanders45@yahoo.com,/account/profile,2025-01-17 19:03:18,286
S17147,raymond.sanders45@yahoo.com,/support,2024-08-06 23:14:41,336
S17089,catherine.roth89@yahoo.com,/products/item/1497,2024-08-01 10:09:33,494
S17015,catherine.roth89@yahoo.com,/faq,2025-01-11 23:06:27,192
S17091,mrs..dvm@yahoo.com,/faq,2024-10-10 19:32:59,357
S17092,wrightpatrick@example.net,/search?q=study+poor,2024-06-29 18:29:41,341
S17156,wrightpatrick@example.net,/signup,2025-03-10 11:35:01,195
S17093,wrightpatrick@example.net,/checkout,2024-05-21 13:51:57,335
S17095,elizabeth.montoya@hotmail.com,/blog/article/132,2024-10-07 22:14:33,158
S17223,elizabeth.montoya@hotmail.com,/blog,2024-09-07 18:15:49,70
S17097,christopher.king@hotmail.com,/search?q=focus+military,2025-03-22 22:16:56,322
S17182,christopher.king@hotmail.com,/signup,2024-12-08 05:09:28,285
S17099,james@wood.com,/about-us,2024-09-25 10:04:56,438
S17231,james@wood.com,/about-us,2024-09-06 16:43:04,21
S17019,james@wood.com,/account/profile,2024-07-24 13:46:57,75
S17235,james@wood.com,/products/category/electronics,2024-11-18 22:36:08,181
S17147,james@wood.com,/login,2024-09-10 05:41:06,84
S17103,james@wood.com,/blog,2025-04-01 22:06:16,413
S17105,james@wood.com,/support,2024-08-18 23:16:59,442
S17243,james@wood.com,/cart,2025-04-18 09:39:08,100
S17107,adam.freeman24@gmail.com,/support,2024-07-24 02:53:37,252
S17051,adam.freeman24@gmail.com,/login,2024-07-10 17:48:00,102
S17023,adam.freeman24@gmail.com,/about-us,2024-08-09 04:58:26,408
S17079,adam.freeman24@gmail.com,/products,2024-07-09 01:26:09,418
S17111,steven@miller-fernandez.org,/checkout,2024-09-05 19:09:20,187
S17039,steven@miller-fernandez.org,/account/orders,2025-01-30 21:35:21,157
S17332,steven@miller-fernandez.org,/contact-us,2025-05-07 10:01:57,535
S17212,steven@miller-fernandez.org,/homepage,2025-04-02 11:54:13,332
S17115,sue06@example.net,/search?q=however+will,2024-10-28 05:20:30,419
S17112,sue06@example.net,/support,2025-05-05 23:00:00,307
S17117,cjones@hotmail.com,/products,2025-01-11 04:07:52,582
S17167,cjones@hotmail.com,/blog,2024-07-29 02:25:37,510
S17119,,/contact-us,2024-09-25 14:40:15,124
S17120,alexander.kerr@gmail.com,/account/orders,2024-06-25 17:47:09,563
S17121,laurie.campbell86@gmail.com,/blog,2024-08-04 05:48:23,228
S17198,laurie.campbell86@gmail.com,/blog,2024-11-05 11:10:45,159
S17227,laurie.campbell86@gmail.com,/blog,2024-06-12 00:09:58,226
S17084,laurie.campbell86@gmail.com,/account/orders,2024-06-14 20:12:30,515
S17125,brittney10@example.net,/cart,2024-07-02 07:14:24,39
S17283,brittney10@example.net,/account/profile,2024-12-02 05:15:23,508
S17087,brittney10@example.net,/signup,2024-11-18 02:43:04,596
S17063,brittney10@example.net,/cart,2025-01-14 13:06:42,423
S17127,brittney10@example.net,/contact-us,2024-10-19 15:55:30,128
S17031,BRITTNEY10@EXAMPLE.NET,/blog/article/113,2024-12-21 08:35:30,89
S17131,adamtran@example.net,/contact-us,2024-07-21 01:06:08,14
S17077,adamtran@example.net,/contact-us,2024-10-05 11:34:48,597
S17099,adamtran@example.net,/contact-us,2024-07-08 04:43:31,123
S17216,adamtran@example.net,/account/orders,2025-02-16 23:29:21,185
S17135,valerie.ramsey4@gmail.com,/account/orders,2024-07-12 11:20:03,306
S17079,valerie.ramsey4@gmail.com,/search?q=center+soldier,2024-11-03 06:33:11,407
S17137,randall23@rojaskevin@example.com,/products/category/electronics,2024-05-21 13:00:43,245
S17138,victoria@wright.com,/about-us,2024-10-04 17:30:20,90
S17103,victoria@wright.com,/search?q=event+move,2024-11-12 11:16:29,539
S17053,victoria@wright.com,/blog,2024-10-22 18:15:20,65
S17083,victoria@wright.com,/products/category/books,2025-04-30 00:36:50,386
S17139,victoria@wright.com,/account/orders,2025-03-21 16:32:30,551
S17199,victoria@wright.com,/cart,2024-11-08 02:35:54,478
S17142,victoria@wright.com,/products/category/electronics,2025-02-17 12:08:08,297
S17412,victoria@wright.com,/search?q=he+put,2024-10-10 02:30:05,551
S17143,victoria@wright.com,/account/orders,2024-06-25 04:46:52,409
S17147,patricia_santiago@gmail.com,/products/category/electronics,2025-04-18 23:10:35,82
S17075,patricia_santiago@gmail.com,/about-us,2025-05-08 22:44:55,444
S17149,patricia_santiago@gmail.com,/login,2025-01-27 07:10:24,264
S17102,patricia_santiago@gmail.com,/cart,2024-08-13 01:47:53,60
S17151,peter_pan@example.com,/about-us,2024-08-19 20:20:50,403
S17152,pamela.miller87@hotmail.com,/products/category/books,2024-07-31 23:53:59,316
S17153,joseph.taylor24@hotmail.com,/products/category/electronics,2025-02-08 02:27:16,550
S17277,joseph.taylor24@hotmail.com,/blog,2025-02-24 19:38:05,385
S17155,gina.gonzalez95@hotmail.com,/signup,2024-11-22 12:56:41,233
S17156,stephanie70@example.com,/login,2024-08-22 10:06:31,455
S17061,stephanie70@example.com,/search?q=the+voice,2025-02-22 00:47:10,588
S17081,stephanie70@example.com,/search?q=share+officer,2024-06-19 22:03:00,566
S17159,,/about-us,2024-12-10 21:40:38,18
S17160,daniel@grant.net,/support,2025-01-11 04:08:05,215
S17095,daniel@grant.net,/cart,2024-07-23 00:19:18,586
S17227,daniel@grant.net,/login,2024-05-23 15:01:29,80
S17097,daniel@grant.net,/blog/article/422,2024-05-23 22:19:54,268
S17163,daniel@grant.net,/products/category/electronics,2024-07-17 11:43:54,523
S17165,donna.martin88@hotmail.com,/products/category/electronics,2025-04-16 04:32:24,336
S17099,donna.martin88@hotmail.com,/about-us,2025-01-14 06:55:15,155
S17167,donna.martin88@hotmail.com,/faq,2024-11-25 09:37:19,538
S17168,donna.martin88@hotmail.com,/support,2025-03-05 22:48:55,135
S17169,donna.martin88@hotmail.com,/products/category/electronics,2025-04-11 05:02:24,465
S17167,donna.martin88@hotmail.com,/products/category/electronics,2024-08-15 05:17:10,388
S17171,donna.martin88@hotmail.com,/contact-us,2025-01-28 04:28:18,453
S17172,donna.martin88@hotmail.com,/products/category/electronics,2025-04-14 02:32:00,252
S17120,donna.martin88@hotmail.com,/products/item/4593,2024-11-27 12:57:09,510
S17172,donna.martin88@hotmail.com,/about-us,2024-09-11 11:40:27,85
S17227,donna.martin88@hotmail.com,/products/category/books,2024-07-09 07:00:24,404
S17383,donna.martin88@hotmail.com,/signup,2025-01-15 06:45:08,379
S17177,,/login,2024-07-09 10:00:11,91
S17178,jordan.hall@hotmail.com,/checkout,2024-11-06 14:58:57,422
S17179,cynthia.schwartz@hotmail.com,/support,2024-09-07 19:20:32,453
S17180,elizabeth25@bbrown@example.com,/blog/article/422,2025-03-19 11:23:17,574
S17181,angelasmith@example.org,/login,2025-04-20 12:55:52,476
S17182,KAREN23@ZJACKSON@EXAMPLE.ORG,/products/category/electronics,2024-10-15 02:40:32,434
S17255,karen23@zjackson@example.org,/signup,2024-10-27 08:37:25,519
S17255,karen23@zjackson@example.org,/signup,2024-08-25 16:38:32,442
S17327,karen23@zjackson@example.org,/about-us,2024-07-29 18:09:03,95
S17186,dmann@example.net,/account/orders,2024-10-20 17:27:26,430
S17187,natalie.scott83@gmail.com,/signup,2025-01-21 10:56:35,328
S17113,natalie.scott83@gmail.com,/products/category/electronics,2024-10-13 17:40:59,109
S17099,natalie.scott83@gmail.com,/account/profile,2024-08-13 00:14:10,430
S17077,natalie.scott83@gmail.com,/faq,2024-07-20 05:25:54,266
S17191,amanda.simon15@hotmail.com,/support,2025-02-18 07:26:53,174
S17191,amanda.simon15@hotmail.com,/search?q=together+front,2024-07-28 11:35:37,536
S17419,amanda.simon15@hotmail.com,/contact-us,2025-03-07 19:01:04,116
S17532,amanda.simon15@hotmail.com,/login,2024-09-12 14:28:02,272
S17195,steven.ortiz69@gmail.com,/checkout,2025-03-26 12:03:23,501
S17192,steven.ortiz69@gmail.com,/about-us,2024-09-26 13:07:57,72
S17138,steven.ortiz69@gmail.com,/search?q=two+source,2024-09-22 07:38:01,77
S17198,sonya@anderson-clark.com,/cart,2025-03-18 02:20:33,151
S17431,sonya@anderson-clark.com,/search?q=since+happen,2024-11-05 19:14:11,556
S17083,sonya@anderson-clark.com,/checkout,2024-10-11 20:39:39,268
S17201,,/search?q=idea+same,2025-03-04 09:01:35,505
S17202,corey_webb31@yahoo.com,/checkout,2025-02-06 21:18:17,465
S17203,corey_webb31@yahoo.com,/search?q=choose+official,2025-01-09 09:38:59,446
S17321,corey_webb31@yahoo.com,/login,2025-03-11 05:58:32,123
S17205,wthompson@gmail.com,/search?q=ten+ahead,2024-05-31 16:43:19,577
S17262,WTHOMPSON@GMAIL.COM,/homepage,2024-10-05 16:38:44,274
S17207,david.gould54@gmail.com,/faq,2024-07-02 23:43:24,559
S17111,david.gould54@gmail.com,/account/profile,2024-06-01 10:39:29,497
S17207,david.gould54@gmail.com,/checkout,2024-08-29 18:25:17,444
S17087,david.gould54@gmail.com,/support,2025-04-11 01:03:29,466
S17211,ashley.scott@hotmail.com,/login,2024-11-27 20:15:27,149
S17212,deborah_griffin@yahoo.com,/blog/article/331,2025-02-18 12:24:32,416
S17213,joshua.flores@gmail.com,/products,2025-03-13 19:55:33,209
S17213,joshua.flores@gmail.com,/signup,2024-09-28 01:22:07,521
S17153,joshua.flores@gmail.com,/signup,2024-06-13 12:18:22,403
S17463,joshua.flores@gmail.com,/products/item/4041,2024-06-14 08:49:47,363
S17217,kathleen_armstrong@hotmail.com,/products/item/3127,2025-03-30 13:49:14,500
S17216,kathleen_armstrong@hotmail.com,/faq,2024-11-09 21:19:00,90
S17219,afrank@gmail.com,/cart,2024-06-26 01:03:10,176
S17217,afrank@gmail.com,/homepage,2024-10-04 07:24:24,12
S17475,afrank@gmail.com,/products/category/electronics,2025-03-31 19:57:05,203
S17475,afrank@gmail.com,/faq,2025-01-09 20:51:42,247
S17223,tanya_herring@yahoo.com,/homepage,2025-05-08 23:14:40,35
S17287,tanya_herring@yahoo.com,/search?q=today+sister,2025-01-29 14:58:28,220
S17223,tanya_herring@yahoo.com,/about-us,2024-12-23 03:14:50,595
S17612,tanya_herring@yahoo.com,/cart,2024-10-17 06:36:29,578
S17227,sarah.howard@yahoo.com,/login,2024-08-26 19:55:58,540
S17487,sarah.howard@yahoo.com,/contact-us,2024-09-18 17:31:07,344
S17229,joseph.harrison@hotmail.com,/products/category/electronics,2025-04-19 14:53:34,320
S17227,joseph.harrison@hotmail.com,/about-us,2025-01-01 05:27:48,185
S17231,leonard.roberts92@yahoo.com,/faq,2024-11-22 01:00:19,92
S17627,leonard.roberts92@yahoo.com,/products,2024-07-24 00:46:48,52
S17073,leonard.roberts92@yahoo.com,/search?q=use+offer,2025-02-07 10:51:50,535
S17231,leonard.roberts92@yahoo.com,/faq,2024-08-12 01:42:23,562
S17369,leonard.roberts92@yahoo.com,/homepage,2025-04-01 05:56:22,14
S17302,leonard.roberts92@yahoo.com,/blog,2024-05-26 06:15:33,296
S17237,jose.joseph70@hotmail.com,/account/profile,2024-07-19 19:25:43,490
S17642,JOSE.JOSEPH70@HOTMAIL.COM,/search?q=reason+politics,2024-12-17 02:05:31,312
S17327,jose.joseph70@hotmail.com,/signup,2025-04-16 01:17:52,204
S17240,michael@ward.org,/checkout,2024-12-20 01:29:07,381
S17240,michael@ward.org,/signup,2024-11-29 21:10:09,81
S17240,michael@ward.org,/cart,2024-09-06 00:17:02,432
S17243,,/products/category/electronics,2025-04-04 09:51:37,360
S17244,bmiranda@gmail.com,/login,2024-08-02 22:20:59,135
S17243,bmiranda@gmail.com,/blog,2024-08-26 01:52:33,430
S17246,william.prince92@gmail.com,/products/category/electronics,2024-08-05 22:30:14,112
S17107,william.prince92@gmail.com,/products/category/books,2024-11-15 21:31:48,154
S17432,william.prince92@gmail.com,/products/item/3268,2024-12-22 03:14:31,514
S17249,belinda_erickson@yahoo.com,/login,2024-11-24 20:50:35,314
S17390,belinda_erickson@yahoo.com,/blog,2025-03-19 13:40:34,394
S17251,JENNIFER50@EXAMPLE.ORG,/products,2024-10-16 23:00:27,121
S17138,jennifer50@example.org,/login,2024-08-27 04:55:10,221
S17253,troy@blake.com,/products/category/books,2025-04-24 00:37:03,322
S17322,troy@blake.com,/checkout,2024-11-29 04:53:59,142
S17255,andrew.castillo82@yahoo.com,/search?q=yard+air,2024-12-02 18:11:16,373
S17447,andrew.castillo82@yahoo.com,/account/orders,2024-07-07 03:45:40,102
S17257,criddle@yahoo.com,/support,2024-08-01 00:32:12,79
S17327,criddle@yahoo.com,/products/category/books,2024-12-31 17:46:46,590
S17551,criddle@yahoo.com,/search?q=behavior+chair,2025-01-07 04:36:55,99
S17257,criddle@yahoo.com,/faq,2024-06-09 11:24:25,246
S17261,randall.yates93@hotmail.com,/contact-us,2024-10-17 00:44:07,494
S17085,randall.yates93@hotmail.com,/search?q=third+be,2024-06-24 08:58:47,84
S17263,randall.yates93@hotmail.com,/signup,2025-04-03 11:32:30,213
S17262,randall.yates93@hotmail.com,/blog,2024-07-08 21:49:09,103
S17165,randall.yates93@hotmail.com,/products/item/9482,2025-05-10 01:39:17,131
S17563,randall.yates93@hotmail.com,/products/category/electronics,2024-11-15 05:37:10,553
S17267,STEPHANIE@BARNES.COM,/checkout,2025-03-06 09:50:30,348
S17147,stephanie@barnes.com,/products,2024-08-03 22:22:34,347
S17167,stephanie@barnes.com,/blog,2024-07-24 14:39:03,108
S17270,jennifer_moore@yahoo.com,/blog/article/325,2025-03-27 05:45:58,486
S17271,mr..mathis88@yahoo.com,/account/profile,2025-04-25 01:11:11,278
S17272,christopher.king@hotmail.com,/faq,2024-11-09 14:36:04,86
S17477,christopher.king@hotmail.com,/support,2024-07-13 17:32:56,301
S17732,christopher.king@hotmail.com,/about-us,2024-06-05 11:20:14,201
S17089,christopher.king@hotmail.com,/account/profile,2025-05-15 11:46:04,331
S17276,linda.kaufman98@hotmail.com,/blog/article/346,2024-12-30 15:31:56,316
S17277,samantha.day@yahoo.com,/blog/article/327,2024-07-14 19:08:14,348
S17587,samantha.day@yahoo.com,/products/category/books,2025-04-29 03:48:03,210
S17279,susan18@erica74@example.org,/faq,2025-04-15 03:55:54,255
S17279,susan18@erica74@example.org,/faq,2025-03-03 13:48:39,509
S17281,karen23@zjackson@example.org,/products,2024-11-26 20:56:30,352
S17282,jackson.clarke59@yahoo.com,/products/item/7153,2024-06-25 10:14:38,387
S17177,jackson.clarke59@yahoo.com,/signup,2025-03-23 12:53:31,330
S17492,jackson.clarke59@yahoo.com,/faq,2025-03-30 18:16:32,363
S17285,jennifer.robinson78@yahoo.com,/checkout,2024-05-21 10:35:09,333
S17285,jennifer.robinson78@yahoo.com,/contact-us,2024-06-18 15:09:34,86
S17287,daniel.jones66@hotmail.com,/support,2024-09-17 19:06:26,246
S17607,daniel.jones66@hotmail.com,/products,2025-04-26 09:50:00,266
S17223,daniel.jones66@hotmail.com,/signup,2024-06-10 22:23:45,38
S17287,daniel.jones66@hotmail.com,/about-us,2024-12-14 17:43:14,594
S17291,bradley.thompson4@yahoo.com,/faq,2025-01-05 06:49:14,229
S17292,,/account/orders,2024-12-16 11:34:06,594
S17293,jacob.sanders@gmail.com,/login,2024-07-03 15:43:26,119
S17782,jacob.sanders@gmail.com,/products/item/8159,2025-03-26 15:57:13,442
S17295,cody29@prichardson@example.com,/account/orders,2024-07-21 07:25:27,483
S17294,cody29@prichardson@example.com,/cart,2025-01-29 10:52:17,405
S17297,cody29@prichardson@example.com,/products,2025-03-07 19:03:30,439
S17099,cody29@prichardson@example.com,/contact-us,2024-07-21 00:19:21,179
S17299,peter.greer62@hotmail.com,/products/item/6377,2024-09-19 20:04:56,415
S17165,peter.greer62@hotmail.com,/products/item/8421,2025-01-03 14:09:22,182
S17231,peter.greer62@hotmail.com,/login,2025-04-10 06:24:13,397
S17802,peter.greer62@hotmail.com,/blog/article/75,2024-09-22 16:30:06,316
S17303,lisa.robinson86@gmail.com,/cart,2025-01-15 13:53:37,468
S17303,lisa.robinson86@gmail.com,/account/profile,2024-12-25 03:46:32,240
S17387,lisa.robinson86@gmail.com,/signup,2024-11-13 02:32:49,242
S17387,lisa.robinson86@gmail.com,/cart,2025-05-15 05:25:28,14
S17532,lisa.robinson86@gmail.com,/about-us,2025-03-19 21:43:03,121
S17817,lisa.robinson86@gmail.com,/account/orders,2025-04-24 19:44:26,523
S17480,lisa.robinson86@gmail.com,/account/orders,2024-10-18 18:28:12,283
S17822,LISA.ROBINSON86@GMAIL.COM,/blog,2025-04-06 17:25:13,373
S17311,scott_cole@gmail.com,/faq,2025-05-11 09:30:24,192
S17827,scott_cole@gmail.com,/blog/article/99,2024-06-17 19:33:07,397
S17427,scott_cole@gmail.com,/support,2024-11-06 12:17:48,189
S17197,scott_cole@gmail.com,/cart,2025-03-08 05:18:22,196
S17315,scott_cole@gmail.com,/account/orders,2024-11-22 11:00:04,298
S17402,scott_cole@gmail.com,/account/orders,2025-03-27 21:04:09,192
S17317,micheal.morgan1@gmail.com,/faq,2024-09-03 16:45:49,231
S17141,micheal.morgan1@gmail.com,/products/category/electronics,2025-03-26 06:46:21,246
S17319,jennifer.lewis17@gmail.com,/contact-us,2024-09-18 04:00:56,90
S17247,jennifer.lewis17@gmail.com,/signup,2025-01-31 19:32:49,211
S17321,rhonda.watkins@gmail.com,/blog/article/423,2024-07-14 18:48:41,326
S17498,rhonda.watkins@gmail.com,/login,2025-01-05 09:20:44,280
S17323,rhonda.watkins@gmail.com,/support,2025-01-20 12:32:50,505
S17234,rhonda.watkins@gmail.com,/products/item/3130,2024-07-12 18:14:30,146
S17323,rhonda.watkins@gmail.com,/account/profile,2025-02-12 20:40:16,497
S17145,rhonda.watkins@gmail.com,/account/orders,2024-10-23 03:39:47,113
S17327,anna.johnson17@yahoo.com,/blog,2025-01-31 16:13:15,366
S17507,anna.johnson17@yahoo.com,/products/category/books,2025-02-25 09:25:48,282
S17447,anna.johnson17@yahoo.com,/account/profile,2025-01-15 07:38:57,80
S17572,anna.johnson17@yahoo.com,/login,2025-05-11 16:51:38,374
S17240,anna.johnson17@yahoo.com,/signup,2025-04-12 01:31:11,523
S17695,anna.johnson17@yahoo.com,/products,2024-10-16 21:49:17,377
S17333,anna.johnson17@yahoo.com,/faq,2024-12-15 01:38:58,125
S17331,anna.johnson17@yahoo.com,/about-us,2025-04-10 13:24:52,539
S17887,anna.johnson17@yahoo.com,/login,2025-02-18 04:30:07,587
S17259,ANNA.JOHNSON17@YAHOO.COM,/blog/article/79,2024-07-28 01:47:03,323
S17336,anna.johnson17@yahoo.com,/products/item/6199,2024-10-26 09:46:45,287
S17151,anna.johnson17@yahoo.com,/login,2025-05-09 16:57:54,272
S17339,jessica.krueger@yahoo.com,/products,2024-08-17 14:59:22,151
S17215,jessica.krueger@yahoo.com,/contact-us,2024-09-11 16:09:37,247
S17341,jessica.krueger@yahoo.com,/blog,2025-01-24 22:39:02,515
S17342,susan.oconnor@gmail.com,/account/orders,2025-03-20 15:54:03,68
S17343,,/checkout,2025-02-27 04:48:37,352
S17344,stephen.miles14@hotmail.com,/products/item/8796,2025-01-06 00:58:44,228
S17345,robert.cole66@hotmail.com,/blog/article/486,2024-12-09 00:58:14,472
S17597,robert.cole66@hotmail.com,/products/category/electronics,2024-09-08 15:59:00,147
S17347,jasmine.tapia13@yahoo.com,/login,2025-04-08 11:36:06,434
S17348,michael_galvan35@yahoo.com,/products/category/books,2024-10-29 23:28:12,14
S17119,michael_galvan35@yahoo.com,/support,2024-09-04 11:23:38,405
S17442,michael_galvan35@yahoo.com,/login,2024-07-01 05:18:21,14
S17351,krodriguez@hotmail.com,/support,2024-09-03 08:00:16,119
S17607,krodriguez@hotmail.com,/products/category/books,2024-06-02 02:47:24,194
S17352,krodriguez@hotmail.com,/products/category/electronics,2024-05-17 04:10:52,395
S17225,krodriguez@hotmail.com,/checkout,2025-02-10 10:49:59,213
S17198,krodriguez@hotmail.com,/checkout,2024-12-13 15:42:28,263
S17612,krodriguez@hotmail.com,/search?q=young+officer,2025-04-09 05:42:33,210
S17357,matthew52@example.org,/faq,2024-05-26 06:55:50,423
S17258,matthew52@example.org,/products/item/8567,2024-06-16 08:30:46,79
S17947,matthew52@example.org,/account/profile,2024-06-15 09:13:31,36
S17491,matthew52@example.org,/account/profile,2024-10-27 06:43:06,453
S17361,meghan.taylor21@gmail.com,/support,2025-04-29 16:33:44,77
S17283,meghan.taylor21@gmail.com,/faq,2025-02-15 17:16:48,26
S17363,michael_carpenter29@hotmail.com,/products/category/books,2024-11-11 20:58:16,166
S17362,michael_carpenter29@hotmail.com,/login,2024-09-19 12:21:49,568
S17283,michael_carpenter29@hotmail.com,/search?q=dream+both,2025-04-01 07:46:47,347
S17462,michael_carpenter29@hotmail.com,/products/category/books,2024-10-18 18:11:34,165
S17367,alan.woods36@gmail.com,/checkout,2025-03-09 15:18:23,66
S17499,alan.woods36@gmail.com,/blog/article/8,2024-05-25 12:39:30,287
S17369,anthony@garcia.com,/signup,2024-12-30 08:46:18,280
S17771,anthony@garcia.com,/homepage,2025-04-11 02:36:15,457
S17371,jessica.larson@gmail.com,/contact-us,2025-01-13 16:41:11,494
S17642,jessica.larson@gmail.com,/homepage,2024-07-06 17:53:12,508
S17373,mclark@gmail.com,/signup,2024-09-21 15:07:30,585
S17576,mclark@gmail.com,/homepage,2025-02-21 19:44:03,292
S17477,mclark@gmail.com,/homepage,2025-05-08 12:22:22,501
S17477,mclark@gmail.com,/login,2025-04-21 02:25:20,376
S17171,mclark@gmail.com,/products/category/electronics,2025-04-02 02:13:35,409
S17378,ryan.newman44@yahoo.com,/products/item/3601,2024-10-07 02:58:56,577
S17791,ryan.newman44@yahoo.com,/faq,2024-11-27 14:59:39,279
S17377,ryan.newman44@yahoo.com,/faq,2024-08-21 17:57:44,306
S17173,ryan.newman44@yahoo.com,/cart,2025-03-27 00:37:43,184
S17379,ryan.newman44@yahoo.com,/checkout,2024-11-07 08:43:42,337
S18007,ryan.newman44@yahoo.com,/signup,2024-10-27 19:00:55,448
S17245,RYAN.NEWMAN44@YAHOO.COM,/account/profile,2025-02-12 22:43:17,418
S17385,kathleen@williams-lucero.com,/products,2024-11-17 14:36:38,239
S17216,kathleen@williams-lucero.com,/homepage,2024-12-13 21:34:34,77
S17387,daniel18@fcardenas@example.net,/contact-us,2025-05-16 16:02:33,423
S18017,daniel18@fcardenas@example.net,/checkout,2024-12-27 05:20:55,556
S17387,daniel18@fcardenas@example.net,/signup,2024-06-18 00:07:16,377
S17387,daniel18@fcardenas@example.net,/login,2025-05-09 21:15:12,379
S17531,daniel18@fcardenas@example.net,/products/category/electronics,2024-11-16 14:43:56,182
S17179,daniel18@fcardenas@example.net,/homepage,2024-09-03 20:08:01,550
S17307,daniel18@fcardenas@example.net,/faq,2025-05-16 17:01:49,35
S17179,daniel18@fcardenas@example.net,/products/category/books,2024-08-08 11:30:19,453
S17393,daniel18@fcardenas@example.net,/account/profile,2024-08-24 06:05:55,225
S17253,daniel18@fcardenas@example.net,/login,2024-08-13 12:03:59,186
S17397,vdavis@example.com,/account/orders,2025-03-26 17:57:44,305
S17682,vdavis@example.com,/products/category/electronics,2025-03-09 14:21:26,454
S17399,jeffrey.nguyen23@yahoo.com,/homepage,2024-05-18 00:55:47,261
S17543,jeffrey.nguyen23@yahoo.com,/products/category/books,2024-09-08 03:25:02,599
S17687,jeffrey.nguyen23@yahoo.com,/products,2024-05-20 16:57:51,155
S17402,amy.blevins60@yahoo.com,/products/category/electronics,2024-10-03 02:03:49,243
S17512,amy.blevins60@yahoo.com,/account/profile,2025-02-22 07:25:51,565
S17141,amy.blevins60@yahoo.com,/products,2025-04-06 20:41:37,101
S17141,amy.blevins60@yahoo.com,/products/item/8244,2024-12-06 16:32:58,538
S17402,amy.blevins60@yahoo.com,/account/profile,2024-10-04 11:15:27,443
S17407,jeremy.foster@gmail.com,/support,2025-02-14 23:23:57,434
S17408,kevin_patel@gmail.com,/search?q=whether+rest,2024-11-03 17:46:31,53
S17851,kevin_patel@gmail.com,/search?q=serious+word,2024-07-21 16:42:25,170
S17409,kevin_patel@gmail.com,/products/category/books,2025-04-15 05:40:39,396
S17411,julie_castaneda@gmail.com,/faq,2024-08-10 22:10:39,84
S17263,julie_castaneda@gmail.com,/search?q=simply+morning,2024-12-16 18:07:32,193
S17413,megan.rosario10@yahoo.com,/account/profile,2024-09-17 21:56:24,488
S17414,lisa.gordon61@hotmail.com,/products/category/electronics,2024-09-18 20:41:30,379
S17415,,/checkout,2024-07-23 05:04:12,420
S17416,robert_wood32@yahoo.com,/blog/article/89,2025-05-13 01:12:25,447
S17417,jasmine.duke56@yahoo.com,/account/orders,2024-11-12 07:03:51,99
S17415,jasmine.duke56@yahoo.com,/homepage,2024-08-19 14:11:51,326
S17419,cody.little22@gmail.com,/about-us,2024-05-30 05:39:08,382
S17871,cody.little22@gmail.com,/account/profile,2024-08-27 22:29:45,586
S17193,cody.little22@gmail.com,/products/category/electronics,2024-10-01 17:31:06,481
S17420,cody.little22@gmail.com,/products/category/books,2024-08-03 07:17:17,131
S17240,cody.little22@gmail.com,/products/category/books,2025-02-04 04:22:34,574
S17879,cody.little22@gmail.com,/search?q=left+cover,2025-04-19 09:29:07,519
S17425,mreynolds@gmail.com,/about-us,2024-12-01 00:30:10,460
S17425,mreynolds@gmail.com,/homepage,2024-12-04 01:47:20,447
S17426,mreynolds@gmail.com,/products/category/electronics,2025-01-31 20:02:57,37
S17197,mreynolds@gmail.com,/cart,2025-01-01 08:04:37,438
S17429,john.thompson41@gmail.com,/account/orders,2024-11-04 11:00:30,546
S17151,john.thompson41@gmail.com,/homepage,2024-06-16 00:22:35,336
S17431,jessica.brown87@gmail.com,/products/item/9128,2025-01-08 06:22:50,290
S17432,jessica.brown87@gmail.com,/login,2025-03-27 23:55:38,508
S17431,jessica.brown87@gmail.com,/about-us,2025-01-14 19:14:24,401
S17742,jessica.brown87@gmail.com,/account/orders,2024-09-06 09:22:56,397
S17435,monica_kelly@hotmail.com,/blog,2024-11-03 01:28:49,144
S17591,monica_kelly@hotmail.com,/account/orders,2024-09-16 20:55:48,47
S17155,monica_kelly@hotmail.com,/products/item/4272,2025-03-30 01:01:06,48
S17435,MONICA_KELLY@HOTMAIL.COM,/search?q=product+anything,2024-11-05 16:37:08,315
S17437,monica_kelly@hotmail.com,/blog/article/20,2024-12-11 19:46:32,405
S17675,monica_kelly@hotmail.com,/support,2025-05-01 03:29:56,246
S17441,monica_kelly@hotmail.com,/account/profile,2024-10-11 17:49:32,192
S17442,monica_kelly@hotmail.com,/blog/article/17,2025-05-07 10:38:20,234
S17757,monica_kelly@hotmail.com,/support,2025-02-12 18:27:03,94
S17444,angel.cooper70@gmail.com,/homepage,2025-03-19 21:28:03,202
S17443,angel.cooper70@gmail.com,/products/category/electronics,2025-04-23 22:22:50,48
S17603,angel.cooper70@gmail.com,/faq,2025-02-16 11:03:26,38
S17447,lisa.dawson77@yahoo.com,/search?q=seat+goal,2025-01-29 20:36:44,265
S17447,lisa.dawson77@yahoo.com,/search?q=later+lead,2024-06-04 10:49:24,254
S17447,lisa.dawson77@yahoo.com,/blog/article/487,2025-01-22 09:15:00,415
S17450,lisa.dawson77@yahoo.com,/support,2025-05-03 03:15:36,399
S17451,sarah.howard@yahoo.com,/about-us,2024-12-28 03:40:33,163
S17258,sarah.howard@yahoo.com,/products/item/3767,2024-11-13 18:10:46,357
S17291,sarah.howard@yahoo.com,/signup,2024-07-21 04:03:22,449
S17291,sarah.howard@yahoo.com,/contact-us,2024-12-17 19:36:40,25
S17699,sarah.howard@yahoo.com,/about-us,2024-07-23 01:17:48,424
S17161,sarah.howard@yahoo.com,/products,2025-05-15 08:39:03,300
S17457,jacob.sanders@gmail.com,/login,2024-10-08 06:18:42,575
S17457,jacob.sanders@gmail.com,/search?q=door+when,2024-09-04 17:18:53,492
S17459,julie@smith.com,/faq,2024-09-15 09:56:09,96
S17457,julie@smith.com,/login,2025-04-19 06:44:33,528
S17359,julie@smith.com,/account/profile,2024-05-23 16:23:56,449
S17363,julie@smith.com,/homepage,2024-11-30 01:10:22,386
S17463,pbrown@gmail.com,/homepage,2025-04-13 08:13:22,291
S17339,pbrown@gmail.com,/checkout,2025-01-09 10:35:47,135
S17465,PBROWN@GMAIL.COM,/products/category/books,2024-11-06 10:12:32,392
S17631,pbrown@gmail.com,/contact-us,2024-05-20 10:07:51,294
S17467,lisa.stewart32@hotmail.com,/blog/article/421,2024-12-25 06:29:05,419
S17635,lisa.stewart32@hotmail.com,/login,2024-09-07 16:12:47,123
S17367,lisa.stewart32@hotmail.com,/cart,2024-09-12 22:29:35,337
S17468,lisa.stewart32@hotmail.com,/support,2025-01-19 07:55:47,163
S17471,john24@pamela73@example.com,/products/category/electronics,2025-03-02 13:24:02,271
S17472,john24@pamela73@example.com,/about-us,2024-09-22 09:23:00,163
S17473,williamsjennifer@example.org,/about-us,2025-01-10 18:00:31,530
S17643,williamsjennifer@example.org,/homepage,2024-09-20 15:44:07,384
S17475,juan.crawford88@yahoo.com,/homepage,2024-07-29 14:41:52,385
S17221,juan.crawford88@yahoo.com,/faq,2025-04-21 05:23:02,167
S17221,juan.crawford88@yahoo.com,/products,2024-06-12 04:10:33,229
S18242,juan.crawford88@yahoo.com,/products/item/4699,2025-01-05 11:59:47,208
S17479,,/products,2024-08-17 09:35:53,262
S17480,sean@kelly-king.com,/homepage,2024-10-25 18:11:24,310
S17223,sean@kelly-king.com,/account/profile,2024-10-29 22:22:30,593
S17607,sean@kelly-king.com,/products/category/electronics,2024-10-26 00:09:41,347
S17483,phillip@ray.com,/cart,2024-06-30 03:18:33,515
S17999,phillip@ray.com,/products,2024-08-30 20:18:48,390
S17485,sandra08@example.com,/account/orders,2025-04-22 16:42:13,515
S17485,sandra08@example.com,/products/category/books,2025-05-15 07:14:09,444
S17487,susan.griffin53@gmail.com,/blog/article/211,2024-10-12 19:47:02,496
S17279,susan.griffin53@gmail.com,/homepage,2025-03-12 11:39:52,146
S17837,susan.griffin53@gmail.com,/blog/article/175,2025-01-12 06:21:56,412
S17663,susan.griffin53@gmail.com,/homepage,2024-12-30 00:25:13,502
S17491,michael45@lperkins@example.org,/faq,2024-09-24 13:20:38,220
S17282,michael45@lperkins@example.org,/login,2025-04-02 21:59:12,549
S17229,michael45@lperkins@example.org,/contact-us,2024-08-27 05:28:25,78
S17177,michael45@lperkins@example.org,/account/profile,2025-05-03 21:44:48,325
S17231,michael45@lperkins@example.org,/cart,2025-03-25 05:51:56,183
S17319,michael45@lperkins@example.org,/checkout,2024-08-25 19:18:48,565
S17497,thurley@example.com,/products/item/8831,2024-12-22 11:11:41,492
S17321,thurley@example.com,/products,2024-06-03 04:27:32,65
S17498,thurley@example.com,/products/category/books,2024-07-26 04:15:00,319
S17179,thurley@example.com,/blog,2024-07-07 18:31:45,313
S17501,,/support,2025-02-23 03:00:36,391
S17502,michael.walker36@yahoo.com,/products/category/books,2025-02-25 12:58:35,263
S17503,theresa.mann40@hotmail.com,/faq,2024-08-07 23:30:24,287
S18307,theresa.mann40@hotmail.com,/blog,2025-02-09 02:01:10,466
S17862,theresa.mann40@hotmail.com,/products/item/5556,2024-05-23 18:20:47,349
S17774,theresa.mann40@hotmail.com,/login,2024-10-21 20:07:41,278
S17507,mr..jr.84@yahoo.com,/login,2024-08-13 21:19:13,547
S17507,mr..jr.84@yahoo.com,/checkout,2024-10-29 19:25:02,396
S17509,jeanswanson@example.com,/cart,2025-03-12 15:54:06,266
S18051,jeanswanson@example.com,/blog,2024-10-21 09:46:08,128
S18055,jeanswanson@example.com,/login,2025-01-12 15:41:22,337
S17510,jeanswanson@example.com,/products/category/electronics,2024-10-17 18:34:04,202
S17513,corey_webb31@yahoo.com,/signup,2025-04-21 09:31:03,450
S17695,corey_webb31@yahoo.com,/homepage,2024-09-22 02:34:16,401
S17695,corey_webb31@yahoo.com,/blog/article/457,2025-02-20 19:40:08,555
S17699,corey_webb31@yahoo.com,/account/profile,2024-09-08 17:43:53,239
S17241,corey_webb31@yahoo.com,/about-us,2024-11-11 10:01:14,563
S17516,corey_webb31@yahoo.com,/products/category/books,2024-06-20 20:23:17,393
S17335,corey_webb31@yahoo.com,/account/orders,2024-05-25 18:16:44,186
S17407,corey_webb31@yahoo.com,/faq,2025-03-25 00:07:41,488
S17887,corey_webb31@yahoo.com,/products/category/books,2025-04-01 19:59:47,428
S17522,shaun_fernandez15@hotmail.com,/login,2025-04-14 20:17:08,414
S17523,corey_webb31@yahoo.com,/about-us,2024-06-08 21:16:44,416
S17522,corey_webb31@yahoo.com,/support,2025-04-23 10:27:24,425
S17189,corey_webb31@yahoo.com,/blog/article/343,2024-11-20 13:43:38,106
S17897,COREY_WEBB31@YAHOO.COM,/blog,2024-06-22 09:34:24,334
S17807,corey_webb31@yahoo.com,/search?q=side+individual,2024-12-05 07:13:13,313
S17527,corey_webb31@yahoo.com,/checkout,2025-01-22 19:46:38,371
S17387,corey_webb31@yahoo.com,/search?q=area+road,2024-07-25 05:58:34,389
S17303,corey_webb31@yahoo.com,/checkout,2025-04-23 13:30:11,189
S17531,jeremy7@jarednash@example.com,/search?q=event+trouble,2025-05-07 21:35:56,245
S17719,jeremy7@jarednash@example.com,/homepage,2025-02-17 05:20:58,553
S17907,jeremy7@jarednash@example.com,/homepage,2024-05-19 01:57:29,580
S17534,daniel.myers@gmail.com,/blog,2024-12-21 11:04:55,439
S17535,tyler.rogers82@gmail.com,/signup,2024-06-01 10:49:11,176
S18103,tyler.rogers82@gmail.com,/blog,2025-01-28 02:44:04,490
S17537,,/homepage,2024-11-17 07:33:52,424
S17538,mark@watts.com,/account/orders,2025-01-04 08:12:58,364
S17537,mark@watts.com,/blog,2024-05-19 16:15:08,157
S17682,mark@watts.com,/login,2025-02-18 16:02:43,207
S17541,ana.watkins97@hotmail.com,/products,2024-07-03 20:02:10,541
S17542,,/login,2025-04-01 21:47:20,24
S17543,montoyacharles@example.net,/support,2024-06-19 12:49:59,120
S17543,montoyacharles@example.net,/products/category/electronics,2024-09-02 00:35:44,316
S17351,montoyacharles@example.net,/account/profile,2025-03-13 03:43:03,312
S17427,montoyacharles@example.net,/login,2024-08-14 00:45:27,533
S17547,susan.wright8@yahoo.com,/products/category/books,2024-08-26 12:56:50,25
S17547,susan.wright8@yahoo.com,/products,2025-01-14 09:26:17,499
S17692,susan.wright8@yahoo.com,/signup,2025-02-08 05:57:31,544
S17547,susan.wright8@yahoo.com,/support,2025-03-17 21:41:41,458
S17551,janice.maxwell@gmail.com,/cart,2024-07-22 17:02:13,182
S17318,janice.maxwell@gmail.com,/login,2025-01-27 07:24:18,242
S17553,juan86@nancychang@example.net,/about-us,2025-02-24 05:22:43,552
S17697,juan86@nancychang@example.net,/login,2024-06-20 03:01:53,404
S17555,nicholas.wood@yahoo.com,/products/category/books,2025-04-16 23:54:34,468
S17261,nicholas.wood@yahoo.com,/contact-us,2024-11-18 19:20:25,213
S17557,robert_johnson@hotmail.com,/blog,2024-12-23 05:07:48,57
S17557,robert_johnson@hotmail.com,/homepage,2024-07-28 05:46:06,520
S17203,robert_johnson@hotmail.com,/signup,2025-01-28 04:08:41,82
S17557,ROBERT_JOHNSON@HOTMAIL.COM,/blog,2025-03-25 08:22:25,68
S18155,robert_johnson@hotmail.com,/checkout,2024-10-15 05:32:29,553
S17363,robert_johnson@hotmail.com,/products/item/4136,2024-10-08 19:33:16,152
S18457,robert_johnson@hotmail.com,/account/profile,2024-09-01 13:46:24,277
S17712,robert_johnson@hotmail.com,/checkout,2025-03-19 00:25:08,43
S18462,robert_johnson@hotmail.com,/checkout,2025-04-14 21:32:25,574
S18163,robert_johnson@hotmail.com,/blog,2025-05-02 06:42:36,414
S17567,victoria.osborne72@hotmail.com,/support,2025-05-03 12:11:19,157
S18467,victoria.osborne72@hotmail.com,/about-us,2025-01-02 16:14:33,267
S17569,michael.bennett@gmail.com,/checkout,2024-07-24 23:34:28,219
S17569,michael.bennett@gmail.com,/blog,2024-07-27 04:00:12,445
S17571,jasonmills@example.com,/faq,2024-08-03 22:02:12,262
S17873,jasonmills@example.com,/products/category/books,2025-03-28 11:47:12,408
S17573,nicholas_li23@yahoo.com,/products/item/2981,2024-12-21 23:58:21,21
S17330,nicholas_li23@yahoo.com,/products/item/4909,2024-06-17 21:39:08,82
S17575,nicholas_li23@yahoo.com,/checkout,2024-06-20 22:19:28,562
S17451,nicholas_li23@yahoo.com,/homepage,2025-02-20 06:46:32,490
S17333,nicholas_li23@yahoo.com,/products/category/electronics,2024-10-20 13:23:16,528
S17423,nicholas_li23@yahoo.com,/checkout,2024-09-22 05:18:19,446
S17577,nicholas_li23@yahoo.com,/faq,2024-10-18 02:36:46,387
S18497,nicholas_li23@yahoo.com,/faq,2025-02-19 01:56:47,505
S17581,LESLIEELLIS@EXAMPLE.NET,/checkout,2025-01-24 17:07:04,200
S17582,leslie55@lauralove@example.org,/login,2025-01-28 18:36:29,75
S17583,leslie55@lauralove@example.org,/login,2025-01-09 00:40:00,561
S17429,leslie55@lauralove@example.org,/account/orders,2024-07-23 23:00:09,333
S17585,leslie55@lauralove@example.org,/products/category/electronics,2025-01-28 01:42:45,404
S17213,leslie55@lauralove@example.org,/products/item/5494,2024-07-05 15:31:47,99
S17587,robert.parsons9@gmail.com,/checkout,2024-08-03 02:25:41,127
S18207,robert.parsons9@gmail.com,/search?q=vote+economy,2025-02-17 05:44:59,532
S18002,robert.parsons9@gmail.com,/about-us,2024-08-23 08:17:55,436
S17587,robert.parsons9@gmail.com,/products/category/electronics,2024-06-29 02:20:59,346
S17591,samantha_delgado@hotmail.com,/account/profile,2025-03-10 21:13:19,308
S17279,samantha_delgado@hotmail.com,/products/item/1922,2024-10-12 00:09:50,592
S17593,samantha_delgado@hotmail.com,/search?q=win+dinner,2025-02-21 01:55:26,400
S18012,samantha_delgado@hotmail.com,/about-us,2024-11-11 17:26:05,254
S17803,samantha_delgado@hotmail.com,/products/item/3015,2024-07-17 01:25:44,332
S17438,samantha_delgado@hotmail.com,/signup,2025-02-03 10:01:25,73
S17597,samantha_delgado@hotmail.com,/search?q=hour+film,2025-01-09 19:14:54,574
S17219,samantha_delgado@hotmail.com,/blog/article/14,2024-09-12 00:33:40,318
S17599,david@michael-walsh.com,/account/profile,2024-11-02 02:02:05,563
S17219,david@michael-walsh.com,/blog,2024-06-22 03:26:16,528
S17345,david@michael-walsh.com,/account/profile,2025-04-27 13:24:52,345
S17602,ashley.bright73@gmail.com,/blog/article/219,2024-09-09 08:34:52,146
S17285,ashley.bright73@gmail.com,/cart,2024-12-19 23:18:16,500
S17285,ashley.bright73@gmail.com,/products/category/electronics,2024-10-24 20:00:44,351
S17602,ashley.bright73@gmail.com,/homepage,2024-08-04 06:26:37,328
S18032,ashley.bright73@gmail.com,/contact-us,2024-06-02 04:20:37,436
S17607,ashley.stanley82@yahoo.com,/products/category/books,2024-08-10 21:56:03,433
S17393,ashley.stanley82@yahoo.com,/search?q=stop+picture,2024-09-08 05:00:00,149
S17609,xpittman@yahoo.com,/about-us,2025-05-07 05:57:56,556
S17609,xpittman@yahoo.com,/support,2025-01-12 12:24:02,350
S17933,xpittman@yahoo.com,/support,2025-05-04 13:03:43,589
S17612,christian.larson@yahoo.com,/login,2025-05-03 19:29:33,407
S17354,christian.larson@yahoo.com,/account/profile,2025-04-08 02:48:08,167
S17612,christian.larson@yahoo.com,/faq,2025-04-17 07:11:11,563
S17615,rachel.rhodes@hotmail.com,/contact-us,2024-08-22 11:51:14,268
S17291,rachel.rhodes@hotmail.com,/contact-us,2024-08-31 04:28:41,156
S17615,rachel.rhodes@hotmail.com,/signup,2024-09-24 04:49:12,507
S17615,rachel.rhodes@hotmail.com,/products/category/books,2024-07-27 10:55:30,196
S17618,rachel.rhodes@hotmail.com,/blog,2024-07-19 18:33:31,137
S17835,RACHEL.RHODES@HOTMAIL.COM,/blog,2025-02-04 04:21:29,235
S17621,susan94@example.com,/products,2024-05-18 01:22:44,482
S17491,susan94@example.com,/products/category/books,2025-01-04 11:51:00,225
S17623,jasmine@pearson-morton.biz,/products/category/electronics,2025-01-19 00:38:31,15
S17624,,/faq,2025-04-02 08:45:55,388
S17625,colin_mclaughlin@yahoo.com,/login,2024-10-24 14:34:17,579
S17625,colin_mclaughlin@yahoo.com,/login,2025-05-05 15:55:47,202
S17627,robert.vang62@gmail.com,/search?q=son+nothing,2024-11-29 21:13:20,275
S17297,robert.vang62@gmail.com,/faq,2024-12-18 03:33:17,554
S17297,robert.vang62@gmail.com,/account/profile,2024-11-10 17:15:33,85
S17851,robert.vang62@gmail.com,/blog,2024-11-09 13:42:41,354
S17963,robert.vang62@gmail.com,/checkout,2025-03-29 22:37:05,297
S18627,robert.vang62@gmail.com,/support,2025-03-18 22:50:17,236
S17633,amy85@ydrake@example.com,/cart,2025-03-18 13:53:17,11
S17411,AMY85@YDRAKE@EXAMPLE.COM,/products,2024-06-12 02:18:57,303
S17635,karen.morgan55@gmail.com,/search?q=red+argue,2024-12-22 02:49:16,596
S17636,duane@roberts-hartman.org,/search?q=consider+put,2024-11-06 21:14:34,285
S17637,mdavis@gmail.com,/faq,2024-05-25 17:21:44,18
S17637,mdavis@gmail.com,/products/category/books,2025-03-29 07:17:41,512
S17639,ronald.hernandez94@yahoo.com,/support,2025-04-08 07:57:52,545
S17415,ronald.hernandez94@yahoo.com,/cart,2025-02-05 14:36:57,548
S17639,ronald.hernandez94@yahoo.com,/blog/article/172,2024-12-25 22:11:30,496
S17642,ronald.hernandez94@yahoo.com,/homepage,2025-01-03 19:31:28,42
S17643,kristin.mitchell6@gmail.com,/account/profile,2024-12-10 12:39:03,64
S18092,kristin.mitchell6@gmail.com,/support,2024-09-17 08:59:49,128
S17645,joshua_allen39@yahoo.com,/products,2025-03-22 17:53:32,368
S18097,joshua_allen39@yahoo.com,/checkout,2025-02-16 22:38:49,79
S17647,alexandra.gonzalez@hotmail.com,/account/profile,2024-08-08 20:57:20,262
S17648,robert.terry@yahoo.com,/about-us,2025-01-26 11:00:19,569
S17649,logan_sawyer3@gmail.com,/signup,2024-09-12 13:56:19,174
S17990,logan_sawyer3@gmail.com,/blog/article/428,2024-07-17 06:48:17,120
S17651,RWOOD@YAHOO.COM,/blog,2024-07-11 15:48:12,259
S17423,rwood@yahoo.com,/login,2024-05-21 19:58:32,135
S17241,rwood@yahoo.com,/account/orders,2024-06-09 21:16:01,454
S17651,rwood@yahoo.com,/blog,2025-03-08 20:34:16,365
S17655,james@smith.com,/products/category/electronics,2025-03-07 01:35:02,517
S17378,james@smith.com,/products,2024-05-21 05:09:13,225
S17657,,/search?q=save+process,2024-10-29 15:12:19,323
S17658,hannah.edwards@hotmail.com,/login,2024-07-31 17:48:32,292
S18005,hannah.edwards@hotmail.com,/account/orders,2025-01-16 15:06:01,403
S17659,hannah.edwards@hotmail.com,/login,2024-06-12 09:11:48,191
S17243,hannah.edwards@hotmail.com,/about-us,2025-04-26 18:17:17,161
S17662,david@chandler.info,/products/item/2096,2024-10-29 14:18:58,229
S17663,dana.anderson1@hotmail.com,/login,2025-01-04 11:03:36,311
S18707,dana.anderson1@hotmail.com,/homepage,2024-10-18 04:34:41,97
S17665,dana.anderson1@hotmail.com,/faq,2025-05-06 10:17:47,337
S17837,dana.anderson1@hotmail.com,/login,2024-09-06 12:33:00,444
S17667,edward.cox@hotmail.com,/checkout,2025-01-02 04:45:13,244
S17317,edward.cox@hotmail.com,/checkout,2024-12-10 02:58:06,223
S17669,edward.cox@hotmail.com,/search?q=throw+compare,2024-12-30 14:49:48,355
S17669,edward.cox@hotmail.com,/products/category/electronics,2025-04-09 01:01:24,330
S17671,kenneth@hopkins.info,/checkout,2024-11-10 18:51:28,210
S17672,kenneth@hopkins.info,/faq,2025-04-04 21:19:23,161
S17531,kenneth@hopkins.info,/search?q=customer+hospital,2025-02-06 03:28:37,447
S17319,kenneth@hopkins.info,/products/item/2370,2025-01-31 03:38:18,481
S17675,dnorris@example.net,/checkout,2024-07-26 15:52:27,508
S17672,dnorris@example.net,/homepage,2025-02-19 16:58:22,320
S17535,dnorris@example.net,/account/orders,2024-08-03 07:16:05,18
S17678,sandra.rose58@gmail.com,/blog/article/283,2025-04-20 06:18:23,551
S17679,ASHLEY47@JENSENASHLEY@EXAMPLE.ORG,/support,2024-07-19 17:21:10,595
S17679,ashley47@jensenashley@example.org,/homepage,2025-01-13 02:03:01,329
S17501,ashley47@jensenashley@example.org,/products,2025-03-26 00:57:46,445
S17681,ashley47@jensenashley@example.org,/products/category/electronics,2024-07-25 22:25:01,189
S17683,ashley47@jensenashley@example.org,/blog/article/389,2024-09-26 01:57:49,394
S17682,ashley47@jensenashley@example.org,/about-us,2025-01-15 00:50:59,414
S17539,ashley47@jensenashley@example.org,/about-us,2024-07-22 22:45:21,417
S17862,ashley47@jensenashley@example.org,/blog/article/14,2025-01-17 15:46:59,559
S17687,susan.espinoza30@hotmail.com,/products/item/6822,2025-02-22 03:47:47,329
S17687,susan.espinoza30@hotmail.com,/about-us,2025-03-17 00:02:07,498
S17687,susan.espinoza30@hotmail.com,/products/category/books,2025-03-08 16:21:38,372
S17399,susan.espinoza30@hotmail.com,/homepage,2025-02-27 03:48:13,188
S17691,todd@aguilar-jones.biz,/blog/article/331,2024-07-02 13:00:56,405
S17872,todd@aguilar-jones.biz,/contact-us,2024-10-03 16:08:27,21
S17510,TODD@AGUILAR-JONES.BIZ,/products/category/electronics,2025-02-02 04:39:19,411
S17257,todd@aguilar-jones.biz,/products/category/electronics,2024-08-21 09:55:43,264
S17695,nancy_salas22@gmail.com,/support,2025-01-12 10:43:24,469
S17331,nancy_salas22@gmail.com,/cart,2025-03-24 09:16:33,198
S17697,jennifer.estrada84@yahoo.com,/account/orders,2025-04-10 12:04:16,385
S17696,jennifer.estrada84@yahoo.com,/cart,2025-01-03 02:46:31,142
S17699,mlopez@yahoo.com,/contact-us,2024-09-25 20:25:18,573
S17882,MLOPEZ@YAHOO.COM,/contact-us,2025-02-05 12:12:19,253
S17405,mlopez@yahoo.com,/products,2025-03-02 13:45:30,576
S17699,mlopez@yahoo.com,/signup,2025-03-30 10:39:08,133
S17457,mlopez@yahoo.com,/homepage,2024-07-23 14:47:15,337
S17408,mlopez@yahoo.com,/contact-us,2024-11-14 05:52:09,23
S17705,cgreen@yahoo.com,/products/item/9022,2024-05-30 21:20:16,333
S18197,cgreen@yahoo.com,/homepage,2025-03-18 01:52:27,126
S17707,steven.shaw@hotmail.com,/about-us,2025-03-30 09:45:16,34
S18202,steven.shaw@hotmail.com,/search?q=good+decision,2025-01-12 06:41:35,581
S17522,steven.shaw@hotmail.com,/account/profile,2024-08-22 09:42:45,402
S18822,steven.shaw@hotmail.com,/products,2024-07-12 21:03:41,512
S17711,rebekah@arnold-allen.com,/support,2025-04-15 04:09:27,586
S17463,rebekah@arnold-allen.com,/cart,2025-03-20 18:15:11,442
S17563,rebekah@arnold-allen.com,/signup,2025-01-28 09:44:09,454
S18086,rebekah@arnold-allen.com,/checkout,2025-03-30 06:31:33,152
S17714,rebekah@arnold-allen.com,/faq,2025-04-02 00:37:53,516
S17265,rebekah@arnold-allen.com,/login,2025-05-10 22:51:31,245
S17967,REBEKAH@ARNOLD-ALLEN.COM,/contact-us,2025-03-15 20:02:36,108
S17467,rebekah@arnold-allen.com,/cart,2024-09-05 07:50:33,448
S17719,mclark@gmail.com,/contact-us,2025-02-27 16:11:49,140
S17907,mclark@gmail.com,/products/item/9281,2024-07-22 23:52:19,247
S17971,mclark@gmail.com,/checkout,2024-12-27 19:36:05,451
S17343,mclark@gmail.com,/search?q=cut+including,2024-11-11 14:35:15,540
S17723,leah.thomas@yahoo.com,/login,2024-06-11 17:21:34,416
S17722,leah.thomas@yahoo.com,/support,2024-12-26 15:13:43,192
S17725,leah.thomas@yahoo.com,/account/orders,2025-02-20 02:56:58,528
S17726,bryan.baird36@yahoo.com,/faq,2025-01-02 05:57:29,271
S17727,william.fry28@hotmail.com,/signup,2024-10-03 10:46:19,84
S17271,william.fry28@hotmail.com,/about-us,2025-03-07 19:52:57,421
S17727,william.fry28@hotmail.com,/products/category/electronics,2024-08-01 08:43:14,461
S18491,william.fry28@hotmail.com,/about-us,2025-01-26 14:16:08,547
S18237,william.fry28@hotmail.com,/faq,2025-04-12 08:53:52,382
S17732,laura.daniels55@gmail.com,/login,2024-11-24 10:37:25,153
S17733,charles.smith44@hotmail.com,/checkout,2024-12-29 08:09:09,189
S17733,charles.smith44@hotmail.com,/cart,2025-02-22 02:55:57,292
S17735,margaret.bradshaw15@yahoo.com,/homepage,2024-08-23 15:55:57,99
S17273,MARGARET.BRADSHAW15@YAHOO.COM,/account/orders,2025-04-14 02:41:39,366
S17737,maureen.olson@hotmail.com,/support,2025-02-24 15:19:50,368
S17927,maureen.olson@hotmail.com,/account/profile,2024-06-14 13:21:22,343
S17739,caitlin.york97@gmail.com,/contact-us,2024-06-03 14:28:34,226
S18125,caitlin.york97@gmail.com,/homepage,2024-10-01 04:14:22,364
S17741,matthew.wilkinson88@hotmail.com,/checkout,2025-01-11 06:02:02,291
S17742,martin.marshall78@gmail.com,/signup,2024-06-10 13:48:32,311
S17743,kyle.lowe85@hotmail.com,/homepage,2024-05-17 12:28:46,556
S18907,kyle.lowe85@hotmail.com,/products/item/1462,2025-04-27 20:52:11,212
S18523,kyle.lowe85@hotmail.com,/contact-us,2025-05-16 21:44:13,446
S17742,kyle.lowe85@hotmail.com,/checkout,2024-06-18 19:01:21,137
S17747,,/support,2024-06-11 08:13:18,195
S17748,gordon.anderson@yahoo.com,/about-us,2025-03-11 10:57:54,170
S17747,gordon.anderson@yahoo.com,/products/category/books,2025-03-20 14:54:43,40
S17357,gordon.anderson@yahoo.com,/about-us,2024-06-30 04:09:39,465
S17279,gordon.anderson@yahoo.com,/about-us,2024-06-27 12:06:15,497
S18535,gordon.anderson@yahoo.com,/products/category/books,2024-12-15 20:53:48,19
S17753,megan.carson64@hotmail.com,/account/orders,2024-08-18 12:07:35,330
S17751,megan.carson64@hotmail.com,/checkout,2025-03-03 18:42:24,303
S17755,AMANDA67@SHAWNA96@EXAMPLE.NET,/blog,2024-07-09 13:22:39,429
S17756,montoyacharles@example.net,/cart,2024-09-10 16:51:25,240
S18282,montoyacharles@example.net,/account/orders,2024-07-26 17:43:48,346
S17441,montoyacharles@example.net,/login,2024-07-18 05:50:59,470
S17441,montoyacharles@example.net,/checkout,2024-12-15 12:20:34,154
S18947,montoyacharles@example.net,/cart,2025-02-21 15:25:43,486
S17757,montoyacharles@example.net,/signup,2025-03-08 04:08:25,58
S17762,sarah44@david47@example.org,/faq,2024-11-09 05:14:10,232
S17763,james@sandoval-rivera.net,/blog/article/160,2025-02-25 06:20:47,32
S18292,james@sandoval-rivera.net,/cart,2024-09-20 07:57:44,97
S17444,james@sandoval-rivera.net,/signup,2025-03-26 09:33:18,207
S17765,james@sandoval-rivera.net,/search?q=gas+place,2024-12-29 13:36:18,478
S17767,cgonzales@gmail.com,/products/category/electronics,2024-07-25 02:21:43,404
S17768,brian.gonzales79@gmail.com,/blog,2024-06-06 11:32:06,84
S18035,brian.gonzales79@gmail.com,/products,2025-04-09 14:55:34,448
S17367,brian.gonzales79@gmail.com,/products/category/books,2024-12-18 07:32:18,297
S17771,rmiller@yahoo.com,/blog,2024-06-19 04:32:19,579
S18039,rmiller@yahoo.com,/homepage,2025-03-09 20:37:31,239
S17611,rmiller@yahoo.com,/blog,2024-06-07 12:20:42,304
S17450,rmiller@yahoo.com,/homepage,2025-04-02 06:51:09,552
S17450,rmiller@yahoo.com,/products/item/6094,2024-12-14 19:37:40,509
S17775,rmiller@yahoo.com,/signup,2024-12-17 22:01:05,480
S17777,leslie55@lauralove@example.org,/blog,2025-05-16 11:50:49,480
S18182,leslie55@lauralove@example.org,/blog/article/192,2025-04-27 06:15:14,115
S17779,marc_barnes21@hotmail.com,/products/category/electronics,2024-06-29 14:06:04,274
S17780,stephen.foster@yahoo.com,/about-us,2025-03-19 03:12:27,415
S18595,stephen.foster@yahoo.com,/homepage,2024-09-25 10:06:07,226
S18595,STEPHEN.FOSTER@YAHOO.COM,/account/orders,2025-03-15 20:22:46,139
S17293,stephen.foster@yahoo.com,/contact-us,2024-11-03 03:27:40,95
S17293,stephen.foster@yahoo.com,/cart,2024-12-09 11:18:08,326
S18327,stephen.foster@yahoo.com,/account/orders,2024-10-25 23:05:38,235
S17782,stephen.foster@yahoo.com,/search?q=standard+what,2025-01-03 09:38:06,538
S17787,STEPHEN.FOSTER@YAHOO.COM,/account/profile,2025-03-29 04:43:13,301
S17459,stephen.foster@yahoo.com,/search?q=specific+test,2024-08-07 04:58:16,491
S17789,cookkimberly@example.com,/login,2025-05-04 14:58:22,200
S18611,cookkimberly@example.com,/products,2025-03-28 12:19:15,112
S18615,cookkimberly@example.com,/account/orders,2025-04-07 12:47:42,124
S17462,cookkimberly@example.com,/products/item/2509,2024-06-23 15:24:28,558
S17462,cookkimberly@example.com,/search?q=art+way,2025-01-15 20:27:25,440
S17379,cookkimberly@example.com,/account/profile,2024-07-23 05:07:16,479
S17795,rebekah@arnold-allen.com,/cart,2025-01-19 16:18:04,97
S17381,rebekah@arnold-allen.com,/products/category/books,2024-05-22 12:24:18,32
S17797,angela.jimenez45@gmail.com,/cart,2024-10-26 01:53:46,149
S17798,angela.jimenez45@gmail.com,/homepage,2025-03-07 06:18:08,376
S17799,wberry@gmail.com,/products/item/6033,2024-08-28 11:47:28,413
S17383,wberry@gmail.com,/homepage,2025-05-02 13:15:02,128
S17801,james.russell@hotmail.com,/products/category/books,2024-07-13 15:15:04,165
S17801,james.russell@hotmail.com,/search?q=agreement+design,2024-08-31 11:07:14,266
S17803,ryan.morrow55@hotmail.com,/blog/article/482,2024-06-14 20:24:01,312
S17301,ryan.morrow55@hotmail.com,/homepage,2024-06-03 23:46:19,208
S17803,ryan.morrow55@hotmail.com,/contact-us,2024-10-03 17:49:59,330
S17805,ryan.morrow55@hotmail.com,/faq,2025-03-17 10:27:00,554
S17807,carla@hill.com,/homepage,2024-08-04 17:49:17,443
S17807,carla@hill.com,/account/orders,2025-03-31 18:05:39,106
S19072,CARLA@HILL.COM,/products,2024-09-12 21:38:43,41
S17810,CARLA@HILL.COM,/products/category/electronics,2024-09-15 05:50:15,165
S17811,carla@hill.com,/checkout,2025-03-31 06:02:05,329
S17529,carla@hill.com,/blog,2024-07-05 08:23:52,65
S17813,jjenkins@hotmail.com,/faq,2024-06-04 04:19:58,585
S18095,jjenkins@hotmail.com,/blog,2024-10-15 13:22:05,77
S17815,timothy_garza@gmail.com,/products,2024-07-26 03:36:35,75
S18663,timothy_garza@gmail.com,/products/category/electronics,2024-08-03 02:28:13,135
S17817,ross.castro46@hotmail.com,/blog/article/476,2024-12-25 12:07:18,39
S17603,ross.castro46@hotmail.com,/signup,2024-12-14 08:16:21,31
S17647,ross.castro46@hotmail.com,/contact-us,2024-09-10 18:16:21,389
S18245,ross.castro46@hotmail.com,/products,2024-09-17 07:45:20,408
S17817,ross.castro46@hotmail.com,/blog,2024-06-22 22:27:27,391
S17822,ross.castro46@hotmail.com,/products/item/4436,2024-08-11 20:35:54,386
S17395,ross.castro46@hotmail.com,/faq,2024-10-28 21:48:57,530
S19107,ross.castro46@hotmail.com,/products/item/5616,2025-02-23 16:48:49,191
S17825,jlittle@hotmail.com,/faq,2024-05-26 19:58:56,416
S17823,JLITTLE@HOTMAIL.COM,/contact-us,2024-08-30 07:35:52,360
S17827,sherri25@nortiz@example.org,/about-us,2024-07-05 17:05:00,581
S17828,bernard39@nelsonduane@example.net,/cart,2025-04-07 11:05:42,349
S17397,bernard39@nelsonduane@example.net,/checkout,2024-07-04 19:13:37,98
S17612,bernard39@nelsonduane@example.net,/login,2025-02-25 15:32:23,540
S17831,shaun_fernandez15@hotmail.com,/homepage,2024-08-18 22:01:44,251
S17832,julie73@fbennett@example.org,/checkout,2025-03-22 03:34:24,385
S17486,julie73@fbennett@example.org,/blog,2025-01-16 23:23:21,370
S18047,julie73@fbennett@example.org,/products/category/books,2024-07-14 23:25:46,20
S17401,julie73@fbennett@example.org,/about-us,2024-08-20 19:16:23,202
S17659,julie73@fbennett@example.org,/blog,2024-08-06 18:28:59,10
S18707,julie73@fbennett@example.org,/blog,2025-05-16 20:16:18,505
S17837,julie73@fbennett@example.org,/products/item/7545,2025-02-26 08:15:51,157
S17839,kristy.sellers@gmail.com,/about-us,2024-12-18 15:47:28,162
S18275,kristy.sellers@gmail.com,/cart,2025-02-23 18:20:50,95
S18715,kristy.sellers@gmail.com,/signup,2025-04-12 20:28:35,297
S18715,kristy.sellers@gmail.com,/account/orders,2024-09-30 21:11:18,115
S17843,jennifer.johnson55@gmail.com,/contact-us,2024-09-21 01:43:03,369
S17492,jennifer.johnson55@gmail.com,/about-us,2024-07-31 04:50:09,316
S18135,jennifer.johnson55@gmail.com,/about-us,2025-03-18 04:26:28,195
S17843,jennifer.johnson55@gmail.com,/account/orders,2025-04-04 15:49:35,370
S17847,melissa.mccoy2@gmail.com,/login,2025-04-23 14:27:52,246
S17847,melissa.mccoy2@gmail.com,/signup,2024-12-23 17:00:53,385
S17849,james.haynes@gmail.com,/blog,2024-10-13 11:18:45,162
S17849,JAMES.HAYNES@GMAIL.COM,/contact-us,2025-05-02 17:38:42,517
S18143,james.haynes@gmail.com,/signup,2025-03-08 10:31:48,184
S18072,james.haynes@gmail.com,/login,2025-02-17 15:29:12,479
S17557,james.haynes@gmail.com,/homepage,2024-10-07 10:29:47,387
S17321,james.haynes@gmail.com,/signup,2025-03-22 20:45:20,511
S18077,james.haynes@gmail.com,/account/profile,2024-09-15 01:54:42,326
S18077,james.haynes@gmail.com,/checkout,2025-05-13 06:28:49,560
S17857,albert@gaines-carter.info,/homepage,2024-05-26 09:56:09,440
S18302,albert@gaines-carter.info,/about-us,2024-09-29 13:24:32,129
S17859,natalie.moore23@yahoo.com,/homepage,2025-01-29 14:17:29,22
S17561,natalie.moore23@yahoo.com,/checkout,2024-08-16 03:59:37,324
S17323,natalie.moore23@yahoo.com,/homepage,2025-05-09 10:50:02,323
S17504,natalie.moore23@yahoo.com,/products/category/electronics,2024-10-22 07:28:40,277
S18759,natalie.moore23@yahoo.com,/search?q=man+play,2025-04-06 04:09:52,347
S17863,natalie.moore23@yahoo.com,/contact-us,2025-04-14 10:06:58,219
S18087,natalie.moore23@yahoo.com,/support,2024-07-21 16:08:31,385
S17865,natalie.moore23@yahoo.com,/about-us,2024-12-25 04:29:41,193
S17867,charles53@allison03@example.net,/account/profile,2025-01-21 01:13:28,303
S17867,charles53@allison03@example.net,/login,2025-01-09 17:43:51,560
S17869,JOHN.MOORE@HOTMAIL.COM,/faq,2024-09-11 05:44:25,68
S17867,john.moore@hotmail.com,/contact-us,2024-07-09 15:25:38,559
S17871,,/login,2025-01-22 13:14:19,516
S17872,,/blog,2024-06-19 22:14:07,226
S17873,sarah.dawson57@hotmail.com,/account/orders,2024-09-07 02:06:41,489
S17571,sarah.dawson57@hotmail.com,/about-us,2025-05-13 00:53:38,316
S17875,anne.vasquez67@gmail.com,/checkout,2024-05-25 08:11:18,553
S17875,anne.vasquez67@gmail.com,/search?q=total+trial,2024-06-18 14:32:37,484
S18179,anne.vasquez67@gmail.com,/account/orders,2025-05-07 12:51:15,578
S18482,anne.vasquez67@gmail.com,/products/category/electronics,2024-12-15 08:33:38,94
S17879,caitlin@ramos-myers.com,/contact-us,2025-05-02 08:03:06,277
S17879,caitlin@ramos-myers.com,/cart,2024-12-08 16:55:21,208
S18338,caitlin@ramos-myers.com,/signup,2024-10-15 08:53:11,167
S17882,bethany.berg@yahoo.com,/checkout,2024-07-05 10:28:53,151
S17883,dr..gibson@hotmail.com,/products/category/electronics,2024-10-24 14:05:00,194
S17883,dr..gibson@hotmail.com,/blog,2024-09-27 02:53:29,90
S17885,jennifer.meyers94@hotmail.com,/products/item/6699,2025-02-06 16:40:02,103
S17883,jennifer.meyers94@hotmail.com,/signup,2025-02-21 21:17:28,583
S18497,jennifer.meyers94@hotmail.com,/products,2025-05-09 20:10:34,537
S17887,jennifer.meyers94@hotmail.com,/homepage,2024-08-31 23:53:16,77
S17887,jennifer.meyers94@hotmail.com,/products/category/electronics,2024-08-12 00:16:16,415
S17519,jennifer.meyers94@hotmail.com,/login,2025-05-09 08:46:53,48
S17891,stephen.young@hotmail.com,/blog/article/455,2024-07-26 15:18:37,70
S17660,stephen.young@hotmail.com,/signup,2024-10-12 20:23:06,466
S17522,STEPHEN.YOUNG@HOTMAIL.COM,/products/item/5164,2024-11-17 07:09:55,498
S17585,stephen.young@hotmail.com,/support,2024-12-30 05:48:32,467
S18127,stephen.young@hotmail.com,/checkout,2025-05-02 05:15:23,266
S18823,stephen.young@hotmail.com,/checkout,2024-12-02 05:49:01,411
S17897,joshua.crane3@yahoo.com,/faq,2024-06-13 14:21:35,310
S18827,joshua.crane3@yahoo.com,/checkout,2024-12-08 14:30:10,505
S17899,jeffery76@ljensen@example.org,/about-us,2024-09-20 20:17:26,561
S17433,jeffery76@ljensen@example.org,/products/item/1124,2025-05-11 16:07:49,115
S18132,jeffery76@ljensen@example.org,/search?q=myself+because,2024-10-28 13:20:39,393
S17589,jeffery76@ljensen@example.org,/cart,2025-04-21 08:19:07,24
S17903,erica.parker21@gmail.com,/search?q=including+stage,2025-01-23 15:33:41,370
S18371,erica.parker21@gmail.com,/account/orders,2025-02-14 12:58:51,356
S17903,erica.parker21@gmail.com,/support,2025-01-01 17:03:17,196
S17906,makaylasantiago@example.org,/blog,2025-02-11 11:57:25,540
S18532,makaylasantiago@example.org,/products,2024-08-29 14:59:27,578
S18219,makaylasantiago@example.org,/login,2025-05-10 00:35:47,396
S18537,makaylasantiago@example.org,/login,2024-11-14 20:15:41,55
S18142,makaylasantiago@example.org,/blog/article/339,2024-12-17 08:52:33,98
S18383,makaylasantiago@example.org,/products/category/electronics,2025-02-26 01:00:38,456
S17912,adam.davidson57@gmail.com,/account/orders,2025-02-27 10:29:10,594
S17913,acox@gmail.com,/signup,2025-03-07 12:59:43,574
S18147,acox@gmail.com,/faq,2024-07-11 05:59:25,397
S17915,amanda_price@hotmail.com,/homepage,2025-02-25 10:44:16,481
S17912,amanda_price@hotmail.com,/products/category/electronics,2024-10-29 16:31:27,550
S17727,amanda_price@hotmail.com,/about-us,2024-11-08 20:26:15,496
S17678,amanda_price@hotmail.com,/account/profile,2024-11-13 06:04:49,116
S17919,charles.monroe@yahoo.com,/products/item/9954,2024-08-01 08:41:22,124
S18395,charles.monroe@yahoo.com,/signup,2024-11-24 22:09:16,365
S17727,charles.monroe@yahoo.com,/checkout,2024-10-23 04:03:55,355
S18398,charles.monroe@yahoo.com,/login,2025-04-20 23:41:08,473
S17923,julie.shelton@gmail.com,/faq,2025-01-19 17:55:27,95
S18401,julie.shelton@gmail.com,/signup,2024-08-20 07:40:45,44
S17925,andrea.smith19@yahoo.com,/support,2025-03-16 15:54:30,134
S17445,andrea.smith19@yahoo.com,/products,2025-05-05 20:15:15,227
S17927,jesse.mack@hotmail.com,/cart,2024-10-07 21:21:15,12
S17447,jesse.mack@hotmail.com,/signup,2025-04-08 04:11:18,74
S17929,michelle_walker38@yahoo.com,/products/item/2619,2024-07-31 02:00:52,110
S18410,michelle_walker38@yahoo.com,/login,2025-01-08 05:16:00,501
S17931,,/checkout,2024-10-10 02:06:51,259
S17932,suzanne.woods@hotmail.com,/homepage,2024-12-18 21:28:17,319
S17933,randall.shepard69@hotmail.com,/blog/article/328,2025-02-14 13:06:22,517
S17546,randall.shepard69@hotmail.com,/checkout,2024-09-18 19:34:45,10
S17935,donna.martin88@hotmail.com,/account/orders,2024-11-19 04:08:14,441
S17353,donna.martin88@hotmail.com,/login,2024-07-29 20:32:05,346
S17937,charles.monroe@yahoo.com,/account/profile,2025-03-21 23:32:48,172
S17937,charles.monroe@yahoo.com,/homepage,2024-06-15 17:16:28,543
S18182,charles.monroe@yahoo.com,/blog,2024-11-27 20:22:41,588
S18911,charles.monroe@yahoo.com,/signup,2024-10-15 00:47:24,474
S18428,charles.monroe@yahoo.com,/blog/article/210,2024-09-14 08:08:19,326
S17942,robert.armstrong@gmail.com,/about-us,2024-08-25 21:27:12,589
S19407,robert.armstrong@gmail.com,/login,2024-12-15 09:16:03,235
S17747,robert.armstrong@gmail.com,/blog/article/159,2024-09-12 15:34:55,82
S17945,robert.armstrong@gmail.com,/products/category/electronics,2024-11-11 10:47:27,214
S17747,robert.armstrong@gmail.com,/login,2024-08-28 20:58:54,343
S17947,barbara_owens40@hotmail.com,/products/item/4259,2025-02-01 17:36:51,183
S17947,barbara_owens40@hotmail.com,/products/category/electronics,2024-10-16 02:15:07,398
S17555,BARBARA_OWENS40@HOTMAIL.COM,/products/category/books,2024-10-10 17:33:58,145
S17457,barbara_owens40@hotmail.com,/account/profile,2024-11-27 05:05:23,519
S17951,christopher.ryan83@hotmail.com,/homepage,2025-05-15 20:23:46,319
S18935,christopher.ryan83@hotmail.com,/about-us,2024-07-16 03:22:09,440
S18197,christopher.ryan83@hotmail.com,/homepage,2024-11-29 03:14:57,60
S17953,christopher.ryan83@hotmail.com,/account/orders,2024-09-02 01:23:20,226
S17955,robert37@mcdonaldnicole@example.net,/account/profile,2024-08-05 18:27:48,593
S17708,robert37@mcdonaldnicole@example.net,/contact-us,2025-02-08 20:42:52,110
S17957,shannon.reese53@hotmail.com,/products/item/3296,2024-10-24 22:23:59,34
S17363,shannon.reese53@hotmail.com,/homepage,2025-04-10 02:45:47,47
S17627,shannon.reese53@hotmail.com,/cart,2024-10-02 13:20:40,200
S18951,shannon.reese53@hotmail.com,/login,2024-06-05 06:58:35,445
S17759,shannon.reese53@hotmail.com,/products,2024-10-03 12:13:46,149
S17961,shannon.reese53@hotmail.com,/account/orders,2024-10-07 03:38:45,495
S17963,vdavis@example.com,/account/orders,2024-09-09 07:08:08,117
S18212,vdavis@example.com,/checkout,2025-01-22 21:29:20,372
S18963,vdavis@example.com,/login,2024-07-06 21:51:43,538
S17966,ashley.hays54@gmail.com,/search?q=beautiful+fish,2025-03-01 10:20:38,500
S17967,jamie.harrington34@gmail.com,/account/orders,2024-12-15 10:29:04,564
S17717,jamie.harrington34@gmail.com,/support,2025-02-17 22:30:55,308
S17969,ccole@gmail.com,/checkout,2024-07-22 05:59:49,321
S17969,ccole@gmail.com,/search?q=method+meeting,2024-07-26 00:07:09,383
S17967,ccole@gmail.com,/cart,2024-08-04 19:29:32,26
S17771,ccole@gmail.com,/checkout,2024-11-15 10:06:46,382
S17771,ccole@gmail.com,/search?q=marriage+hear,2025-01-09 12:46:25,245
S18222,CCOLE@GMAIL.COM,/about-us,2025-05-02 13:13:29,79
S17975,lisa.robinson86@gmail.com,/faq,2024-08-15 04:47:50,594
S17570,lisa.robinson86@gmail.com,/blog,2025-02-07 13:34:17,342
S17371,lisa.robinson86@gmail.com,/homepage,2024-09-15 07:31:38,195
S18987,lisa.robinson86@gmail.com,/account/orders,2025-04-16 15:45:38,142
S17979,lisa.davis@gmail.com,/about-us,2024-10-11 17:43:22,55
S17573,lisa.davis@gmail.com,/products/category/books,2025-03-22 04:24:48,172
S18657,lisa.davis@gmail.com,/contact-us,2025-01-15 04:07:14,239
S17982,sherry.campbell@gmail.com,/homepage,2024-12-08 01:26:07,342
S18999,sherry.campbell@gmail.com,/products/item/6633,2025-02-11 01:47:08,207
S18662,sherry.campbell@gmail.com,/login,2024-11-20 16:50:11,427
S17985,rodney.smith93@hotmail.com,/support,2024-12-31 17:38:37,50
S17576,rodney.smith93@hotmail.com,/products/category/electronics,2024-11-29 19:32:54,343
S17987,CASEY.RODRIGUEZ@GMAIL.COM,/account/orders,2024-08-06 23:01:48,123
S17732,casey.rodriguez@gmail.com,/contact-us,2024-06-29 00:51:25,428
S18327,casey.rodriguez@gmail.com,/products/item/4321,2024-09-25 07:17:22,155
S17987,casey.rodriguez@gmail.com,/blog/article/393,2024-12-27 02:57:32,357
S18247,casey.rodriguez@gmail.com,/products/item/2626,2024-12-10 00:56:21,23
S18503,casey.rodriguez@gmail.com,/search?q=money+bring,2024-07-26 19:36:20,357
S18677,casey.rodriguez@gmail.com,/faq,2025-03-11 05:22:10,392
S17479,casey.rodriguez@gmail.com,/account/orders,2025-04-02 22:22:33,75
S17995,breanna.erickson@yahoo.com,/login,2024-08-14 19:08:30,386
S17996,pamela50@example.org,/account/profile,2025-01-16 10:42:10,409
S17995,pamela50@example.org,/account/orders,2024-08-10 23:56:42,378
S17995,pamela50@example.org,/account/profile,2024-11-21 04:38:26,356
S17655,pamela50@example.org,/search?q=at+send,2025-01-27 18:14:59,269
S18257,pamela50@example.org,/login,2024-11-23 09:00:41,471
S17999,pamela50@example.org,/login,2025-02-01 03:40:33,598
S18002,jhughes@gmail.com,/account/profile,2024-12-02 00:32:07,332
S18003,brandon.hughes29@hotmail.com,/products/item/4872,2025-04-17 17:48:54,452
S18003,brandon.hughes29@hotmail.com,/about-us,2024-09-25 10:28:33,423
S18005,mdvm@yahoo.com,/faq,2024-12-13 05:48:10,320
S17795,mdvm@yahoo.com,/account/profile,2024-10-30 02:47:18,112
S18007,MR._MCDONALD12@GMAIL.COM,/faq,2024-10-24 18:06:06,591
S19047,mr._mcdonald12@gmail.com,/account/profile,2025-05-03 10:54:53,334
S17799,mr._mcdonald12@gmail.com,/checkout,2024-07-09 17:16:27,390
S18008,mr._mcdonald12@gmail.com,/products/category/books,2024-11-26 19:37:43,181
S19577,mr._mcdonald12@gmail.com,/blog/article/46,2024-07-24 19:52:43,516
S18272,mr._mcdonald12@gmail.com,/products/category/books,2024-08-20 15:11:20,399
S19582,mr._mcdonald12@gmail.com,/products,2025-03-04 16:11:25,280
S18712,mr._mcdonald12@gmail.com,/homepage,2025-03-06 15:34:38,411
S18015,walter.vega68@yahoo.com,/login,2024-10-02 16:40:02,570
S17385,WALTER.VEGA68@YAHOO.COM,/checkout,2024-10-09 17:18:07,552
S18017,jonathan52@mark01@example.org,/blog/article/403,2024-05-19 21:10:27,530
S18277,jonathan52@mark01@example.org,/login,2024-12-11 23:37:26,403
S18545,jonathan52@mark01@example.org,/signup,2024-11-11 10:15:48,495
S18282,jonathan52@mark01@example.org,/blog/article/53,2024-08-08 12:56:48,19
S18017,jonathan52@mark01@example.org,/login,2024-07-30 02:39:23,104
S18022,joshua.thompson15@hotmail.com,/blog/article/172,2024-09-04 13:24:08,484
S18023,joshua.thompson15@hotmail.com,/products,2025-01-07 15:06:20,93
S17389,joshua.thompson15@hotmail.com,/blog/article/204,2025-04-14 01:37:47,270
S18025,joshua.thompson15@hotmail.com,/about-us,2025-02-22 07:42:02,350
S18022,joshua.thompson15@hotmail.com,/search?q=able+adult,2025-04-24 05:51:22,572
S18027,SARAH.BRIGGS72@HOTMAIL.COM,/blog/article/142,2025-04-06 14:25:25,261
S18557,sarah.briggs72@hotmail.com,/contact-us,2024-08-12 06:58:15,242
S18027,sarah.briggs72@hotmail.com,/cart,2024-09-28 15:24:40,469
S17497,sarah.briggs72@hotmail.com,/products/category/electronics,2024-09-28 21:19:30,18
S18383,sarah.briggs72@hotmail.com,/checkout,2025-03-28 05:48:42,44
S18742,sarah.briggs72@hotmail.com,/products/category/books,2024-11-02 01:25:38,130
S18032,sarah.briggs72@hotmail.com,/search?q=example+building,2024-06-28 17:14:50,61
S17606,sarah.briggs72@hotmail.com,/products,2024-09-28 21:40:16,165
S18035,susan18@erica74@example.org,/support,2024-10-24 01:13:16,398
S18032,susan18@erica74@example.org,/blog,2024-09-14 05:29:48,518
S18037,ecooper@example.org,/blog/article/430,2025-01-05 18:48:30,574
S17768,ecooper@example.org,/blog,2025-03-31 15:01:56,252
S17609,ecooper@example.org,/about-us,2024-11-23 10:35:48,137
S19647,ecooper@example.org,/signup,2024-08-31 18:13:15,107
S18041,wberry@gmail.com,/about-us,2024-08-08 08:32:46,560
S18041,wberry@gmail.com,/support,2024-12-23 12:36:47,555
S17683,WBERRY@GMAIL.COM,/cart,2024-08-31 16:11:25,381
S17505,wberry@gmail.com,/login,2024-09-06 13:03:29,133
S18045,robert@kelley-townsend.org,/homepage,2025-04-25 23:55:33,14
S17774,robert@kelley-townsend.org,/products/category/electronics,2024-09-02 07:35:52,441
S18047,karen.tanner50@gmail.com,/search?q=natural+break,2025-04-23 12:52:03,470
S19667,karen.tanner50@gmail.com,/cart,2025-02-15 08:50:45,123
S17399,karen.tanner50@gmail.com,/signup,2024-07-13 07:57:13,572
S19672,karen.tanner50@gmail.com,/about-us,2025-03-11 19:40:18,333
S18051,calvin33@example.com,/account/orders,2025-01-05 19:45:14,224
S19135,calvin33@example.com,/blog,2024-09-27 17:16:16,403
S18053,calvin33@example.com,/account/profile,2025-03-11 19:44:06,51
S17691,calvin33@example.com,/products/category/electronics,2024-05-30 23:47:53,15
S18055,amcdonald@yahoo.com,/account/orders,2025-01-06 18:40:04,545
S18055,amcdonald@yahoo.com,/search?q=prevent+note,2025-05-13 14:53:14,345
S18057,marcus46@ekey@example.net,/login,2024-07-09 12:26:43,261
S18057,MARCUS46@EKEY@EXAMPLE.NET,/checkout,2025-03-17 19:02:00,131
S18059,david_garza25@yahoo.com,/homepage,2024-11-07 14:17:42,116
S17695,david_garza25@yahoo.com,/signup,2025-02-11 22:06:26,351
S17403,david_garza25@yahoo.com,/homepage,2025-01-27 19:10:07,549
S19155,david_garza25@yahoo.com,/account/orders,2024-08-15 10:36:36,110
S18063,gina.george@gmail.com,/account/profile,2024-06-03 23:39:32,322
S18062,gina.george@gmail.com,/contact-us,2025-03-08 02:44:35,489
S18065,sherry.campbell@gmail.com,/blog/article/116,2024-07-16 08:48:32,486
S18063,sherry.campbell@gmail.com,/login,2024-06-27 06:24:55,60
S18067,kevin.trevino51@yahoo.com,/checkout,2025-05-13 13:05:12,26
S18068,wilsonwilliam@example.net,/faq,2025-03-28 00:42:40,225
S17701,wilsonwilliam@example.net,/search?q=project+individual,2025-03-27 19:37:09,432
S18069,wilsonwilliam@example.net,/blog,2025-03-08 04:46:44,189
S18071,joseph.roberts56@hotmail.com,/faq,2025-05-11 07:55:20,58
S17630,joseph.roberts56@hotmail.com,/products/item/8500,2024-06-28 09:07:16,141
S18439,joseph.roberts56@hotmail.com,/products,2024-12-02 23:36:03,371
S18347,joseph.roberts56@hotmail.com,/about-us,2025-05-07 18:11:53,91
S18075,davidgarcia@example.org,/account/orders,2024-11-27 00:12:19,70
S17630,davidgarcia@example.org,/signup,2025-01-26 12:16:48,143
S18077,troy@blake.com,/products/category/electronics,2024-10-02 05:00:08,436
S18632,troy@blake.com,/checkout,2024-07-13 12:43:13,51
S18079,michael.stewart58@hotmail.com,/products/category/books,2024-06-23 00:56:42,69
S17411,michael.stewart58@hotmail.com,/checkout,2024-08-22 07:21:07,530
S19195,michael.stewart58@hotmail.com,/about-us,2025-01-19 06:56:24,271
S19195,michael.stewart58@hotmail.com,/checkout,2024-07-06 02:43:37,492
S18083,stephen.miles14@hotmail.com,/products/category/electronics,2024-12-11 15:05:02,33
S18083,stephen.miles14@hotmail.com,/account/orders,2025-05-01 01:47:20,554
S18085,kevin.simon65@yahoo.com,/products/category/electronics,2025-04-14 16:03:56,476
S18086,jeremy.meza@yahoo.com,/signup,2024-10-09 13:05:55,510
S18087,laura.porter@gmail.com,/homepage,2025-04-24 21:53:40,392
S17863,laura.porter@gmail.com,/products,2024-05-26 17:56:53,351
S18089,laura.porter@gmail.com,/products/category/books,2024-07-21 05:07:38,522
S18087,laura.porter@gmail.com,/signup,2024-05-31 19:48:14,483
S18653,laura.porter@gmail.com,/signup,2025-03-12 22:54:45,296
S18092,michael48@katelyn96@example.org,/products/category/books,2024-09-26 20:09:54,140
S18093,jacob.sanders@gmail.com,/account/orders,2024-09-12 15:04:53,112
S19219,jacob.sanders@gmail.com,/signup,2025-05-13 21:24:54,376
S17867,jacob.sanders@gmail.com,/about-us,2024-08-05 10:11:36,318
S18095,jacob.sanders@gmail.com,/products,2024-08-05 21:12:47,549
S17531,jacob.sanders@gmail.com,/search?q=word+reflect,2025-04-16 21:02:49,267
S18662,jacob.sanders@gmail.com,/login,2025-03-04 08:12:38,202
S18097,jacob.sanders@gmail.com,/products/category/books,2025-02-06 05:24:59,167
S18098,jacob.sanders@gmail.com,/contact-us,2024-10-22 13:30:48,515
S18101,jacob92@stephenwilliams@example.net,/products/category/books,2025-05-04 11:52:08,197
S18101,jacob92@stephenwilliams@example.net,/homepage,2024-05-19 19:59:15,484
S17819,jacob92@stephenwilliams@example.net,/signup,2025-04-10 04:18:54,352
S18104,jacob92@stephenwilliams@example.net,/faq,2025-01-26 07:46:31,273
S18103,jacob92@stephenwilliams@example.net,/products/category/books,2024-12-19 06:06:22,294
S18105,jacob92@stephenwilliams@example.net,/login,2025-02-09 13:43:16,468
S18107,sarahbishop@example.net,/cart,2024-08-08 03:17:13,541
S18487,sarahbishop@example.net,/support,2025-02-17 10:16:35,575
S18109,dr.72@burnettshannon@example.net,/homepage,2024-11-17 20:01:03,444
S19822,dr.72@burnettshannon@example.net,/blog,2025-02-12 00:38:00,529
S18107,dr.72@burnettshannon@example.net,/cart,2024-11-04 16:44:40,239
S18112,jacob.rose13@yahoo.com,/account/orders,2025-05-03 18:29:27,473
S18113,gregory@dillon.net,/login,2024-10-07 03:01:16,190
S18113,gregory@dillon.net,/contact-us,2025-02-21 02:36:44,204
S17883,gregory@dillon.net,/account/profile,2024-09-07 13:34:12,519
S17654,gregory@dillon.net,/account/orders,2024-12-09 15:55:44,442
S19267,gregory@dillon.net,/products/category/books,2024-10-14 16:44:31,241
S19267,GREGORY@DILLON.NET,/homepage,2024-08-12 19:24:56,506
S18119,beth.collins50@hotmail.com,/blog,2024-06-05 14:42:22,263
S18407,beth.collins50@hotmail.com,/account/profile,2025-03-01 06:04:02,146
S19852,beth.collins50@hotmail.com,/products,2025-03-20 23:33:23,564
S17543,beth.collins50@hotmail.com,/search?q=garden+shoulder,2024-12-01 07:46:11,354
S18123,alfred@perez.biz,/faq,2025-02-13 02:32:28,428
S18122,alfred@perez.biz,/about-us,2025-03-23 07:08:32,77
S17891,alfred@perez.biz,/about-us,2024-06-07 15:31:03,176
S18123,ALFRED@PEREZ.BIZ,/search?q=similar+reveal,2024-06-16 06:57:36,232
S18707,alfred@perez.biz,/checkout,2024-12-29 21:47:14,290
S18128,,/products/item/3458,2024-09-15 14:57:14,361
S18129,rebecca.oconnor93@yahoo.com,/signup,2024-11-19 10:42:03,548
S17431,rebecca.oconnor93@yahoo.com,/about-us,2025-05-07 08:03:08,222
S17663,rebecca.oconnor93@yahoo.com,/cart,2024-11-10 16:33:16,403
S18907,rebecca.oconnor93@yahoo.com,/products,2025-02-01 04:05:38,336
S18133,leslie@gregory-rivera.com,/support,2024-09-23 06:26:44,294
S17433,leslie@gregory-rivera.com,/account/orders,2024-07-01 18:35:44,532
S17843,leslie@gregory-rivera.com,/account/orders,2025-01-03 02:45:19,397
S19303,leslie@gregory-rivera.com,/contact-us,2024-11-25 00:35:05,457
S19892,leslie@gregory-rivera.com,/contact-us,2024-11-27 02:57:35,336
S18917,leslie@gregory-rivera.com,/products/category/electronics,2025-01-07 11:56:28,202
S18139,diana.brown@gmail.com,/products,2025-04-20 12:10:27,464
S19897,DIANA.BROWN@GMAIL.COM,/products/category/electronics,2024-12-07 18:48:59,77
S17903,diana.brown@gmail.com,/products,2024-09-01 16:15:18,366
S18142,diana.brown@gmail.com,/products/category/books,2025-04-06 22:34:56,329
S18143,jordan.hall@hotmail.com,/checkout,2024-08-06 23:33:36,118
S18927,jordan.hall@hotmail.com,/products/item/3151,2024-07-11 01:48:41,75
S17672,jordan.hall@hotmail.com,/signup,2025-03-09 08:17:51,39
S18146,abigail.ramirez@hotmail.com,/about-us,2024-11-12 18:39:59,497
S18147,william.thomas67@hotmail.com,/products,2025-02-21 04:17:51,584
S17753,william.thomas67@hotmail.com,/about-us,2025-03-18 23:53:09,296
S18149,leroy.ii94@hotmail.com,/products/category/electronics,2025-02-27 07:08:35,135
S17675,leroy.ii94@hotmail.com,/login,2025-02-16 09:48:54,560
S18149,leroy.ii94@hotmail.com,/products/category/electronics,2025-05-03 05:06:58,24
S18151,leroy.ii94@hotmail.com,/search?q=phone+weight,2024-11-28 20:28:10,566
S18447,leroy.ii94@hotmail.com,/products/category/books,2025-03-11 06:56:07,149
S18942,leroy.ii94@hotmail.com,/signup,2024-12-11 13:47:16,362
S18155,qmoore@example.net,/products/category/electronics,2025-01-12 04:17:47,264
S19343,qmoore@example.net,/products/category/electronics,2025-03-07 03:41:27,478
S18157,daniel.jones66@hotmail.com,/signup,2024-11-16 06:16:23,469
S18158,dmann@example.net,/cart,2024-08-29 10:35:27,465
S18159,dmann@example.net,/contact-us,2025-03-26 21:03:00,18
S17919,dmann@example.net,/cart,2024-11-09 13:58:02,55
S18161,dmann@example.net,/signup,2024-09-24 01:18:42,28
S18162,wmartin@hotmail.com,/account/profile,2024-10-17 07:07:18,512
S19359,wmartin@hotmail.com,/login,2024-06-25 20:12:27,332
